methane.FossilGas,methane.UpgradingBiogas,methane.Methanation,hydrogen.gaseous_hydrogen.PlasmaCracking,hydrogen.gaseous_hydrogen.WaterGasShift,hydrogen.gaseous_hydrogen.Electrolysis.SOEC,hydrogen.gaseous_hydrogen.Electrolysis.AWE,hydrogen.gaseous_hydrogen.Electrolysis.PEM,biogas.AnaerobicDigestion,syngas.BiomassGasification,syngas.SMR,syngas.Pyrolysis,syngas.AutothermalReforming,syngas.CoElectrolysis,syngas.CoalGasification,fuel.liquid_fuel.Refinery,fuel.liquid_fuel.FischerTropsch,fuel.hydrotreated_oil_fuel.HefaDecarboxylation,fuel.hydrotreated_oil_fuel.HefaDeoxygenation,solid_fuel.CoalExtraction,solid_fuel.Pelletizing,electricity.WindOnshore,electricity.WindOffshore,electricity.SolarPv,electricity.SolarThermal,electricity.Geothermal,electricity.Hydropower,electricity.Nuclear,electricity.CombinedCycleGasTurbine,electricity.GasTurbine,electricity.BiogasFired,electricity.BiomassFired,electricity.CoalGen,electricity.OilGen,fuel.biodiesel.Transesterification,fuel.ethanol.BiomassFermentation,hydrogen.liquid_hydrogen.HydrogenLiquefaction,carbon_capture.direct_air_capture.AmineScrubbing,carbon_capture.direct_air_capture.CalciumPotassiumScrubbing,carbon_capture.flue_gas_capture.CalciumLooping,carbon_capture.flue_gas_capture.ChilledAmmoniaProcess,carbon_capture.flue_gas_capture.CO2Membranes,carbon_capture.flue_gas_capture.MonoEthanolAmine,carbon_capture.flue_gas_capture.PiperazineProcess,carbon_capture.flue_gas_capture.PressureSwingAdsorption,carbon_storage.BiomassBuryingFossilization,carbon_storage.DeepOceanInjection,carbon_storage.DeepSalineFormation,carbon_storage.DepletedOilGas,carbon_storage.EnhancedOilRecovery,carbon_storage.GeologicMineralization,carbon_storage.PureCarbonSolidStorage
179.2663826530612,1.224207798523668,1e-06,0.1992658163265301,1.992658163265301,5.911552551020392,5.911552551020392,5.911552551020392,1.364518909625002,136.96152591831907,32.05958573496182,1e-06,1e-06,1e-06,6.698082012549811,452.4075561224489,1.420002571750003,1.420002571750003,1.420002571750003,1e-06,13.416258061224523,262.2426041672502,71.47717412562506,240.1158634304464,28.216340461673227,24.12497109473061,80.43249515887503,53.59479959596349,1e-06,1e-06,13.416258061224523,13.416258061224523,1e-06,1e-06,1.420002571750003,1.420002571750003,1.9096307397959127,1.3057895833333333,2.6115791666666666,10.706626785714285,1e-06,1e-06,1e-06,1e-06,1e-06,1e-06,0.2395038577223124,1e-06,1e-06,1e-06,1e-06,1e-06
173.33276530612244,1.5721602778983996,1e-06,0.3685316326530602,3.685316326530602,10.933105102040786,10.933105102040786,10.933105102040786,1.5850378192500036,175.88964137363354,41.17177433371063,1e-06,1e-06,1e-06,8.601855412892958,432.3151122448978,1.823605143500007,1.823605143500007,1.823605143500007,1e-06,17.229516122449045,285.0922915645004,77.70511367125012,274.5247268608928,32.37018092334645,27.67650468946122,82.74999750775004,59.83459919192699,1e-06,1e-06,17.229516122449045,17.229516122449045,1e-06,1e-06,1.823605143500007,1.823605143500007,3.531761479591827,2.611079166666667,5.222158333333334,21.41225357142857,1e-06,1e-06,1e-06,1e-06,1e-06,1e-06,0.4789776561011905,1e-06,1e-06,1e-06,1e-06,1e-06
167.3991479591837,1.920112757273132,1e-06,0.5377974489795903,5.377974489795903,15.95465765306118,15.95465765306118,15.95465765306118,1.8055567288750047,214.817756828948,50.28396293245944,1e-06,1e-06,1e-06,10.505628813236104,412.2226683673468,2.2272077152500103,2.2272077152500103,2.2272077152500103,1e-06,21.04277418367357,307.9419789617506,83.93305321687517,308.93359029133927,36.52402138501969,31.22803828419183,85.06749985662506,66.07439878789049,1e-06,1e-06,21.04277418367357,21.04277418367357,1e-06,1e-06,2.2272077152500103,2.2272077152500103,5.15389221938774,3.91636875,7.8327375,32.11788035714285,1e-06,1e-06,1e-06,1e-06,1e-06,1e-06,0.7184514544800686,1e-06,1e-06,1e-06,1e-06,1e-06
161.4655306122449,2.268065236647863,1e-06,0.7070632653061204,7.070632653061204,20.97621020408157,20.97621020408157,20.97621020408157,2.026075638500007,253.74587228426248,59.39615153120825,1e-06,1e-06,1e-06,12.409402213579249,392.1302244897957,2.6308102870000134,2.6308102870000134,2.6308102870000134,1e-06,24.85603224489809,330.7916663590008,90.1609927625002,343.34245372178566,40.67786184669291,34.77957187892244,87.38500220550009,72.31419838385399,1e-06,1e-06,24.85603224489809,24.85603224489809,1e-06,1e-06,2.6308102870000134,2.6308102870000134,6.776022959183654,5.221658333333333,10.443316666666666,42.82350714285714,1e-06,1e-06,1e-06,1e-06,1e-06,1e-06,0.9579252528589468,1e-06,1e-06,1e-06,1e-06,1e-06
155.53191326530612,2.616017716022595,1e-06,0.8763290816326506,8.763290816326506,25.997762755101963,25.997762755101963,25.997762755101963,2.2465945481250094,292.67398773957694,68.50834012995705,1e-06,1e-06,1e-06,14.313175613922391,372.0377806122446,3.034412858750017,3.034412858750017,3.034412858750017,1e-06,28.66929030612261,353.64135375625096,96.38893230812528,377.7513171522321,44.83170230836614,38.33110547365305,89.7025045543751,78.55399797981748,1e-06,1e-06,28.66929030612261,28.66929030612261,1e-06,1e-06,3.034412858750017,3.034412858750017,8.398153698979566,6.526947916666667,13.053895833333334,53.52913392857143,1e-06,1e-06,1e-06,1e-06,1e-06,1e-06,1.1973990512378248,1e-06,1e-06,1e-06,1e-06,1e-06
149.59829591836734,2.9639701953973265,1e-06,1.0455948979591805,10.455948979591806,31.01931530612236,31.01931530612236,31.01931530612236,2.467113457750011,331.6021031948914,77.62052872870586,1e-06,1e-06,1e-06,16.21694901426554,351.9453367346936,3.438015430500021,3.438015430500021,3.438015430500021,1e-06,32.482548367347135,376.4910411535012,102.61687185375033,412.16018058267855,48.98554277003937,41.88263906838365,92.02000690325012,84.79379757578099,1e-06,1e-06,32.482548367347135,32.482548367347135,1e-06,1e-06,3.438015430500021,3.438015430500021,10.02028443877548,7.8322375,15.664475,64.23476071428571,1e-06,1e-06,1e-06,1e-06,1e-06,1e-06,1.436872849616703,1e-06,1e-06,1e-06,1e-06,1e-06
143.66467857142857,3.3119226747720583,1e-06,1.2148607142857106,12.148607142857108,36.04086785714275,36.04086785714275,36.04086785714275,2.687632367375013,370.5302186502059,86.73271732745468,1e-06,1e-06,1e-06,18.12072241460869,331.8528928571425,3.841618002250024,3.841618002250024,3.841618002250024,1e-06,36.29580642857166,399.34072855075135,108.84481139937536,446.569044013125,53.1393832317126,45.43417266311427,94.33750925212512,91.03359717174447,1e-06,1e-06,36.29580642857166,36.29580642857166,1e-06,1e-06,3.841618002250024,3.841618002250024,11.642415178571394,9.137527083333334,18.275054166666667,74.9403875,1e-06,1e-06,1e-06,1e-06,1e-06,1e-06,1.6763466479955809,1e-06,1e-06,1e-06,1e-06,1e-06
137.7310612244898,3.65987515414679,1e-06,1.3841265306122408,13.84126530612241,41.06242040816314,41.06242040816314,41.06242040816314,2.908151277000015,409.4583341055204,95.84490592620348,1e-06,1e-06,1e-06,20.02449581495183,311.7604489795914,4.245220574000028,4.245220574000028,4.245220574000028,1e-06,40.10906448979618,422.1904159480016,115.07275094500042,480.9779074435714,57.29322369338583,48.98570625784488,96.65501160100015,97.27339676770798,1e-06,1e-06,40.10906448979618,40.10906448979618,1e-06,1e-06,4.245220574000028,4.245220574000028,13.264545918367308,10.442816666666667,20.88563333333333,85.64601428571429,1e-06,1e-06,1e-06,1e-06,1e-06,1e-06,1.915820446374459,1e-06,1e-06,1e-06,1e-06,1e-06
131.79744387755102,4.007827633521522,1e-06,1.553392346938771,15.53392346938771,46.083972959183534,46.083972959183534,46.083972959183534,3.1286701866250164,448.3864495608348,104.9570945249523,1e-06,1e-06,1e-06,21.92826921529498,291.6680051020403,4.648823145750031,4.648823145750031,4.648823145750031,1e-06,43.92232255102071,445.0401033452517,121.30069049062548,515.3867708740179,61.44706415505905,52.53723985257548,98.97251394987518,103.51319636367148,1e-06,1e-06,43.92232255102071,43.92232255102071,1e-06,1e-06,4.648823145750031,4.648823145750031,14.88667665816322,11.74810625,23.4962125,96.35164107142856,1e-06,1e-06,1e-06,1e-06,1e-06,1e-06,2.155294244753337,1e-06,1e-06,1e-06,1e-06,1e-06
125.86382653061224,4.355780112896253,1e-06,1.722658163265301,17.226581632653012,51.105525510203925,51.105525510203925,51.105525510203925,3.3491890962500186,487.3145650161493,114.0692831237011,1e-06,1e-06,1e-06,23.832042615638123,271.5755612244892,5.052425717500034,5.052425717500034,5.052425717500034,1e-06,47.73558061224523,467.889790742502,127.52863003625052,549.7956343044642,65.60090461673228,56.088773447306096,101.2900162987502,109.75299595963496,1e-06,1e-06,47.73558061224523,47.73558061224523,1e-06,1e-06,5.052425717500034,5.052425717500034,16.508807397959135,13.053395833333337,26.10679166666667,107.05726785714286,1e-06,1e-06,1e-06,1e-06,1e-06,1e-06,2.394768043132215,1e-06,1e-06,1e-06,1e-06,1e-06
119.93020918367348,4.703732592270985,1e-06,1.891923979591831,18.919239795918312,56.12707806122432,56.12707806122432,56.12707806122432,3.569708005875021,526.2426804714637,123.1814717224499,1e-06,1e-06,1e-06,25.735816015981268,251.48311734693817,5.456028289250037,5.456028289250037,5.456028289250037,1e-06,51.54883867346975,490.7394781397521,133.75656958187557,584.2044977349107,69.7547450784055,59.640307042036696,103.6075186476252,115.99279555559846,1e-06,1e-06,51.54883867346975,51.54883867346975,1e-06,1e-06,5.456028289250037,5.456028289250037,18.13093813775505,14.358685416666669,28.717370833333334,117.76289464285716,1e-06,1e-06,1e-06,1e-06,1e-06,1e-06,2.634241841511093,1e-06,1e-06,1e-06,1e-06,1e-06
114.7656093294462,4.779119270516707,1e-06,2.0788991253644284,20.788991253644287,61.67400738581138,61.67400738581138,61.67400738581138,3.690321826000004,534.6767669875757,125.15570001719472,1e-06,1e-06,1e-06,26.14828369847152,237.85161516035032,5.5434720034999865,5.5434720034999865,5.5434720034999865,1e-06,52.37501142857131,495.0762801579991,134.93861379649977,601.0070961898427,70.89547933570651,60.61563483202905,106.27705559150026,120.08613245471896,1e-06,1e-06,52.37501142857131,52.37501142857131,1e-06,1e-06,5.5434720034999865,5.5434720034999865,19.922783284742444,15.664,31.328000000000003,128.46857142857144,1e-06,1e-06,1e-06,1e-06,1e-06,1e-06,2.873717142857143,1e-06,1e-06,1e-06,1e-06,1e-06
110.17777259475233,4.6500815979157535,1e-06,2.279156268221572,22.79156268221572,67.61496929057328,67.61496929057328,67.61496929057328,3.736006829000004,520.2403317992946,121.7764580839387,1e-06,1e-06,1e-06,25.442272092572548,229.0658192419829,5.393796574624988,5.393796574624988,5.393796574624988,1e-06,50.96087020408153,485.5284181419992,132.3362365128748,604.6049959131442,69.77638393972924,59.65880826846849,109.21061848162525,122.56962233120788,1e-06,1e-06,50.96087020408153,50.96087020408153,1e-06,1e-06,5.393796574624988,5.393796574624988,21.8419142371234,16.969333333333335,33.93866666666667,139.17428571428573,1e-06,1e-06,1e-06,1e-06,1e-06,1e-06,3.113193571428572,1e-06,1e-06,1e-06,1e-06,1e-06
105.58993586005845,4.5210439253148,1e-06,2.4794134110787143,24.794134110787144,73.55593119533519,73.55593119533519,73.55593119533519,3.781691832000003,505.8038966110136,118.3972161506827,1e-06,1e-06,1e-06,24.73626048667357,220.28002332361555,5.24412114574999,5.24412114574999,5.24412114574999,1e-06,49.54672897959175,475.9805561259993,129.73385922924982,608.2028956364458,68.65728854375197,58.70198170490792,112.1441813717502,125.05311220769676,1e-06,1e-06,49.54672897959175,49.54672897959175,1e-06,1e-06,5.24412114574999,5.24412114574999,23.761045189504348,18.27466666666667,36.54933333333334,149.88,1e-06,1e-06,1e-06,1e-06,1e-06,1e-06,3.3526700000000003,1e-06,1e-06,1e-06,1e-06,1e-06
101.00209912536457,4.392006252713845,1e-06,2.679670553935857,26.796705539358573,79.4968931000971,79.4968931000971,79.4968931000971,3.8273768350000026,491.3674614227325,115.01797421742668,1e-06,1e-06,1e-06,24.0302488807746,211.49422740524813,5.094445716874992,5.094445716874992,5.094445716874992,1e-06,48.132587755101966,466.4326941099995,127.13148194562486,611.8007953597473,67.5381931477747,57.74515514134736,115.07774426187515,127.53660208418566,1e-06,1e-06,48.132587755101966,48.132587755101966,1e-06,1e-06,5.094445716874992,5.094445716874992,25.6801761418853,19.58,39.16,160.5857142857143,1e-06,1e-06,1e-06,1e-06,1e-06,1e-06,3.592146428571429,1e-06,1e-06,1e-06,1e-06,1e-06
96.41426239067069,4.262968580112891,1e-06,2.879927696793,28.79927696793,85.437855004859,85.437855004859,85.437855004859,3.873061838000002,476.9310262344515,111.63873228417066,1e-06,1e-06,1e-06,23.324237274875628,202.7084314868808,4.944770287999993,4.944770287999993,4.944770287999993,1e-06,46.71844653061219,456.8848320939996,124.52910466199988,615.3986950830489,66.41909775179742,56.78832857778679,118.01130715200011,130.02009196067456,1e-06,1e-06,46.71844653061219,46.71844653061219,1e-06,1e-06,4.944770287999993,4.944770287999993,27.59930709426625,20.88533333333333,41.77066666666667,171.29142857142858,1e-06,1e-06,1e-06,1e-06,1e-06,1e-06,3.8316228571428574,1e-06,1e-06,1e-06,1e-06,1e-06
91.82642565597678,4.133930907511937,1e-06,3.0801848396501423,30.801848396501427,91.3788169096209,91.3788169096209,91.3788169096209,3.9187468410000017,462.49459104617046,108.25949035091465,1e-06,1e-06,1e-06,22.618225668976653,193.92263556851336,4.795094859124995,4.795094859124995,4.795094859124995,1e-06,45.30430530612241,447.3369700779997,121.92672737837492,618.9965948063503,65.30000235582015,55.831502014226224,120.94487004212507,132.50358183716347,1e-06,1e-06,45.30430530612241,45.30430530612241,1e-06,1e-06,4.795094859124995,4.795094859124995,29.518438046647205,22.19066666666667,44.38133333333334,181.99714285714288,1e-06,1e-06,1e-06,1e-06,1e-06,1e-06,4.071099285714286,1e-06,1e-06,1e-06,1e-06,1e-06
87.2385889212829,4.004893234910983,1e-06,3.280441982507285,32.804419825072856,97.3197788143828,97.3197788143828,97.3197788143828,3.964431844000001,448.0581558578895,104.8802484176586,1e-06,1e-06,1e-06,21.91221406307768,185.136839650146,4.645419430249996,4.645419430249996,4.645419430249996,1e-06,43.89016408163263,437.7891080619998,119.32435009474996,622.5944945296519,64.18090695984289,54.874675450665656,123.87843293225006,134.98707171365234,1e-06,1e-06,43.89016408163263,43.89016408163263,1e-06,1e-06,4.645419430249996,4.645419430249996,31.43756899902816,23.496,46.992,192.7028571428572,1e-06,1e-06,1e-06,1e-06,1e-06,1e-06,4.310575714285715,1e-06,1e-06,1e-06,1e-06,1e-06
82.65075218658902,3.875855562310029,1e-06,3.480699125364428,34.806991253644284,103.2607407191447,103.2607407191447,103.2607407191447,4.010116847000001,433.6217206696084,101.50100648440258,1e-06,1e-06,1e-06,21.206202457178705,176.35104373177865,4.495744001374998,4.495744001374998,4.495744001374998,1e-06,42.47602285714285,428.2412460459999,116.72197281112496,626.1923942529535,63.06181156386562,53.91784888710509,126.81199582237502,137.47056159014124,1e-06,1e-06,42.47602285714285,42.47602285714285,1e-06,1e-06,4.495744001374998,4.495744001374998,33.35669995140911,24.80133333333333,49.60266666666666,203.40857142857143,1e-06,1e-06,1e-06,1e-06,1e-06,1e-06,4.550052142857144,1e-06,1e-06,1e-06,1e-06,1e-06
78.06291545189512,3.7468178897090754,1e-06,3.6809562682215713,36.80956268221571,109.2017026239066,109.2017026239066,109.2017026239066,4.05580185,419.18528548132736,98.12176455114655,1e-06,1e-06,1e-06,20.500190851279733,167.56524781341125,4.3460685725,4.3460685725,4.3460685725,1e-06,41.06188163265306,418.69338403,114.1195955275,629.790293976255,61.94271616788834,52.961022323544526,129.7455587125,139.95405146663015,1e-06,1e-06,41.06188163265306,41.06188163265306,1e-06,1e-06,4.3460685725,4.3460685725,35.275830903790066,26.10666666666667,52.21333333333334,214.11428571428573,1e-06,1e-06,1e-06,1e-06,1e-06,1e-06,4.789528571428573,1e-06,1e-06,1e-06,1e-06,1e-06
73.47507871720126,3.6177802171081215,1e-06,3.881213411078714,38.81213411078714,115.14266452866852,115.14266452866852,115.14266452866852,4.101486852999999,404.7488502930463,94.74252261789056,1e-06,1e-06,1e-06,19.79417924538076,158.77945189504385,4.196393143625002,4.196393143625002,4.196393143625002,1e-06,39.64774040816329,409.1455220140001,111.51721824387502,633.3881936995565,60.82362077191107,52.00419575998396,132.67912160262495,142.43754134311905,1e-06,1e-06,39.64774040816329,39.64774040816329,1e-06,1e-06,4.196393143625002,4.196393143625002,37.19496185617102,27.412,54.824,224.82,1e-06,1e-06,1e-06,1e-06,1e-06,1e-06,5.0290050000000015,1e-06,1e-06,1e-06,1e-06,1e-06
68.88724198250736,3.488742544507168,1e-06,4.081470553935857,40.81470553935857,121.08362643343042,121.08362643343042,121.08362643343042,4.147171855999999,390.3124151047653,91.36328068463452,1e-06,1e-06,1e-06,19.088167639481785,149.99365597667648,4.046717714750003,4.046717714750003,4.046717714750003,1e-06,38.23359918367351,399.59765999800027,108.91484096025006,636.9860934228581,59.7045253759338,51.0473691964234,135.6126844927499,144.92103121960795,1e-06,1e-06,38.23359918367351,38.23359918367351,1e-06,1e-06,4.046717714750003,4.046717714750003,39.11409280855197,28.717333333333336,57.43466666666667,235.5257142857143,1e-06,1e-06,1e-06,1e-06,1e-06,1e-06,5.268481428571429,1e-06,1e-06,1e-06,1e-06,1e-06
64.73116107871716,3.392441937845044,1e-06,4.262194825072888,42.62194825072888,126.44511314382902,126.44511314382902,126.44511314382902,4.187766818125,379.53852683905575,88.84135788742937,1e-06,1e-06,1e-06,18.561272318230703,141.5145794460641,3.935015183874997,3.935015183874997,3.935015183874997,1e-06,37.17822787172009,390.5033749605002,106.43609118850006,640.5882631111061,58.58552631473386,50.09062499909745,136.55550273275034,147.40578945978598,1e-06,1e-06,37.17822787172009,37.17822787172009,1e-06,1e-06,3.935015183874997,3.935015183874997,40.84603374028185,30.02266666666667,60.04533333333334,246.23142857142847,1e-06,1e-06,1e-06,1e-06,1e-06,1e-06,5.507957857142858,1e-06,1e-06,1e-06,1e-06,1e-06
63.16561516034977,3.492563726815957,1e-06,4.325721865889216,43.25721865889217,128.32974868804678,128.32974868804678,128.32974868804678,4.197821535,390.73992010878095,91.46334990653077,1e-06,1e-06,1e-06,19.10907470486729,134.8758192419822,4.051150040999998,4.051150040999998,4.051150040999998,1e-06,38.27547603498545,384.13055179400016,104.69910648800004,644.2160525890328,57.467105262197954,49.13437499917925,125.55385307200024,149.8981578820989,1e-06,1e-06,38.27547603498545,38.27547603498545,1e-06,1e-06,4.051150040999998,4.051150040999998,41.454834548105,31.328000000000003,62.656000000000006,256.9371428571429,1e-06,1e-06,1e-06,1e-06,1e-06,1e-06,5.747434285714286,1e-06,1e-06,1e-06,1e-06,1e-06
61.600069241982375,3.5926855157868696,1e-06,4.389248906705545,43.89248906705545,130.2143842322645,130.2143842322645,130.2143842322645,4.207876251875,401.9413133785062,94.08534192563214,1e-06,1e-06,1e-06,19.65687709150387,128.2370590379003,4.167284898124999,4.167284898124999,4.167284898124999,1e-06,39.372724198250815,377.7577286275001,102.96212178750002,647.8438420669595,56.348684209662046,48.17812499926104,114.55220341125016,152.3905263044118,1e-06,1e-06,39.372724198250815,39.372724198250815,1e-06,1e-06,4.167284898124999,4.167284898124999,42.06363535592814,32.63333333333333,65.26666666666667,267.6428571428572,1e-06,1e-06,1e-06,1e-06,1e-06,1e-06,5.986910714285715,1e-06,1e-06,1e-06,1e-06,1e-06
60.03452332361498,3.6928073047577823,1e-06,4.452775947521873,44.52775947521874,132.0990197764823,132.0990197764823,132.0990197764823,4.21793096875,413.1427066482314,96.70733394473352,1e-06,1e-06,1e-06,20.20467947814045,121.59829883381842,4.28341975525,4.28341975525,4.28341975525,1e-06,40.46997236151618,371.384905461,101.225137087,651.4716315448861,55.23026315712614,47.22187499934283,103.55055375050006,154.8828947267247,1e-06,1e-06,40.46997236151618,40.46997236151618,1e-06,1e-06,4.28341975525,4.28341975525,42.67243616375129,33.93866666666667,67.87733333333334,278.34857142857146,1e-06,1e-06,1e-06,1e-06,1e-06,1e-06,6.226387142857144,1e-06,1e-06,1e-06,1e-06,1e-06
58.46897740524758,3.792929093728695,1e-06,4.516302988338202,45.16302988338202,133.98365532070002,133.98365532070002,133.98365532070002,4.227985685625,424.3440999179566,99.3293259638349,1e-06,1e-06,1e-06,20.752481864777028,114.95953862973651,4.399554612375001,4.399554612375001,4.399554612375001,1e-06,41.56722052478154,365.0120822945,99.4881523865,655.0994210228127,54.11184210459023,46.265624999424624,92.54890408974995,157.37526314903758,1e-06,1e-06,41.56722052478154,41.56722052478154,1e-06,1e-06,4.399554612375001,4.399554612375001,43.28123697157445,35.24400000000001,70.48800000000001,289.0542857142857,1e-06,1e-06,1e-06,1e-06,1e-06,1e-06,6.465863571428572,1e-06,1e-06,1e-06,1e-06,1e-06
56.90343148688018,3.893050882699608,1e-06,4.579830029154531,45.79830029154531,135.86829086491775,135.86829086491775,135.86829086491775,4.2380404025,435.5454931876818,101.95131798293627,1e-06,1e-06,1e-06,21.300284251413608,108.32077842565462,4.515689469500002,4.515689469500002,4.515689469500002,1e-06,42.6644686880469,358.63925912799994,97.75116768599996,658.7272105007395,52.99342105205432,45.30937499950642,81.54725442899988,159.8676315713505,1e-06,1e-06,42.6644686880469,42.6644686880469,1e-06,1e-06,4.515689469500002,4.515689469500002,43.89003777939759,36.54933333333334,73.09866666666667,299.76,1e-06,1e-06,1e-06,1e-06,1e-06,1e-06,6.7053400000000005,1e-06,1e-06,1e-06,1e-06,1e-06
55.33788556851278,3.993172671670521,1e-06,4.643357069970859,46.4335706997086,137.7529264091355,137.7529264091355,137.7529264091355,4.248095119375,446.7468864574071,104.57331000203766,1e-06,1e-06,1e-06,21.848086638050187,101.68201822157272,4.6318243266250025,4.6318243266250025,4.6318243266250025,1e-06,43.761716851312265,352.2664359614999,96.01418298549996,662.3549999786661,51.87499999951841,44.35312499958822,70.54560476824977,162.3599999936634,1e-06,1e-06,43.761716851312265,43.761716851312265,1e-06,1e-06,4.6318243266250025,4.6318243266250025,44.49883858722073,37.854666666666674,75.70933333333335,310.4657142857143,1e-06,1e-06,1e-06,1e-06,1e-06,1e-06,6.9448164285714284,1e-06,1e-06,1e-06,1e-06,1e-06
53.77233965014538,4.093294460641434,1e-06,4.706884110787188,47.06884110787188,139.63756195335324,139.63756195335324,139.63756195335324,4.25814983625,457.9482797271323,107.19530202113904,1e-06,1e-06,1e-06,22.395889024686767,95.04325801749084,4.747959183750004,4.747959183750004,4.747959183750004,1e-06,44.85896501457763,345.8936127949998,94.27719828499994,665.9827894565929,50.7565789469825,43.39687499967,59.54395510749968,164.8523684159763,1e-06,1e-06,44.85896501457763,44.85896501457763,1e-06,1e-06,4.747959183750004,4.747959183750004,45.10763939504388,39.16,78.32000000000001,321.1714285714286,1e-06,1e-06,1e-06,1e-06,1e-06,1e-06,7.184292857142857,1e-06,1e-06,1e-06,1e-06,1e-06
52.20679373177799,4.193416249612346,1e-06,4.770411151603517,47.70411151603517,141.522197497571,141.522197497571,141.522197497571,4.268204553125,469.1496729968575,109.81729404024044,1e-06,1e-06,1e-06,22.943691411323343,88.40449781340894,4.864094040875004,4.864094040875004,4.864094040875004,1e-06,45.95621317784298,339.52078962849976,92.54021358449992,669.6105789345195,49.63815789444659,42.440624999751805,48.5423054467496,167.3447368382892,1e-06,1e-06,45.95621317784298,45.95621317784298,1e-06,1e-06,4.864094040875004,4.864094040875004,45.71644020286704,40.46533333333334,80.93066666666668,331.87714285714287,1e-06,1e-06,1e-06,1e-06,1e-06,1e-06,7.423769285714286,1e-06,1e-06,1e-06,1e-06,1e-06
50.64124781341059,4.293538038583259,1e-06,4.833938192419845,48.339381924198456,143.40683304178873,143.40683304178873,143.40683304178873,4.27825927,480.3510662665827,112.4392860593418,1e-06,1e-06,1e-06,23.49149379795993,81.76573760932705,4.980228898000005,4.980228898000005,4.980228898000005,1e-06,47.053461341108346,333.1479664619997,90.80322888399992,673.2383684124462,48.519736841910685,41.4843749998336,37.54065578599949,169.8371052606021,1e-06,1e-06,47.053461341108346,47.053461341108346,1e-06,1e-06,4.980228898000005,4.980228898000005,46.32524101069018,41.77066666666667,83.54133333333334,342.5828571428572,1e-06,1e-06,1e-06,1e-06,1e-06,1e-06,7.663245714285715,1e-06,1e-06,1e-06,1e-06,1e-06
49.07570189504319,4.393659827554171,1e-06,4.897465233236174,48.97465233236174,145.2914685860065,145.2914685860065,145.2914685860065,4.288313986875,491.5524595363079,115.0612780784432,1e-06,1e-06,1e-06,24.039296184596505,75.12697740524516,5.096363755125006,5.096363755125006,5.096363755125006,1e-06,48.15070950437371,326.7751432954996,89.0662441834999,676.8661578903728,47.40131578937478,40.52812499991539,26.5390061252494,172.329473682915,1e-06,1e-06,48.15070950437371,48.15070950437371,1e-06,1e-06,5.096363755125006,5.096363755125006,46.93404181851333,43.07600000000001,86.15200000000002,353.28857142857146,1e-06,1e-06,1e-06,1e-06,1e-06,1e-06,7.902722142857143,1e-06,1e-06,1e-06,1e-06,1e-06
47.51015597667579,4.493781616525085,1e-06,4.960992274052503,49.60992274052503,147.17610413022425,147.17610413022425,147.17610413022425,4.2983687037500005,502.75385280603314,117.68327009754458,1e-06,1e-06,1e-06,24.587098571233085,68.48821720116325,5.212498612250007,5.212498612250007,5.212498612250007,1e-06,49.24795766763907,320.4023201289996,87.32925948299989,680.4939473682996,46.28289473683886,39.57187499999719,15.537356464499313,174.82184210522792,1e-06,1e-06,49.24795766763907,49.24795766763907,1e-06,1e-06,5.212498612250007,5.212498612250007,47.54284262633647,44.38133333333335,88.76266666666669,363.99428571428575,1e-06,1e-06,1e-06,1e-06,1e-06,1e-06,8.14219857142857,1e-06,1e-06,1e-06,1e-06,1e-06
46.12333333333274,4.612289361702185,1e-06,5.015666666666691,50.15666666666691,148.79811111111184,148.79811111111184,148.79811111111184,4.321834159375001,516.0122241643669,120.78675401697726,1e-06,1e-06,1e-06,25.23549714970631,62.42946434821155,5.349960000000008,5.349960000000008,5.349960000000008,1e-06,50.54670000000063,336.17140772562635,91.62730183812538,684.121736843343,45.16447368423795,38.615625000023385,14.889078601250198,177.31421052668435,1e-06,1e-06,50.54670000000063,50.54670000000063,1e-06,1e-06,5.349960000000008,5.349960000000008,48.06680555555578,45.68666666666668,91.37333333333336,374.7,1e-06,1e-06,1e-06,1e-06,1e-06,1e-06,8.381675,1e-06,1e-06,1e-06,1e-06,1e-06
44.80799999999941,4.73815148936176,1e-06,5.066800000000024,50.66800000000024,150.31506666666738,150.31506666666738,150.31506666666738,4.350663910500002,530.093386758144,124.0828346965424,1e-06,1e-06,1e-06,25.92413420491417,56.60271443571184,5.495952000000007,5.495952000000007,5.495952000000007,1e-06,51.92604000000063,360.7972596275011,98.3393550155003,687.7495263172333,44.04605263161102,37.65937500002735,18.38214945700016,179.80657894779822,1e-06,1e-06,51.92604000000063,51.92604000000063,1e-06,1e-06,5.495952000000007,5.495952000000007,48.55683333333356,46.992,93.984,385.4057142857143,1e-06,1e-06,1e-06,1e-06,1e-06,1e-06,8.621151428571428,1e-06,1e-06,1e-06,1e-06,1e-06
43.49266666666608,4.864013617021334,1e-06,5.117933333333357,51.17933333333357,151.83202222222295,151.83202222222295,151.83202222222295,4.379493661625001,544.174549351921,127.37891537610754,1e-06,1e-06,1e-06,26.61277126012204,50.77596452321213,5.641944000000005,5.641944000000005,5.641944000000005,1e-06,53.30538000000063,385.42311152937583,105.0514081928752,691.3773157911235,42.9276315789841,36.70312500003133,21.87522031275012,182.29894736891208,1e-06,1e-06,53.30538000000063,53.30538000000063,1e-06,1e-06,5.641944000000005,5.641944000000005,49.04686111111133,48.29733333333334,96.59466666666668,396.1114285714286,1e-06,1e-06,1e-06,1e-06,1e-06,1e-06,8.860627857142857,1e-06,1e-06,1e-06,1e-06,1e-06
42.17733333333274,4.9898757446809086,1e-06,5.169066666666691,51.69066666666691,153.3489777777785,153.3489777777785,153.3489777777785,4.408323412750001,558.2557119456981,130.6749960556727,1e-06,1e-06,1e-06,27.30140831532991,44.94921461071242,5.787936000000004,5.787936000000004,5.787936000000004,1e-06,54.684720000000624,410.0489634312505,111.76346137025016,695.0051052650136,41.80921052635717,35.746875000035295,25.36829116850008,184.79131579002595,1e-06,1e-06,54.684720000000624,54.684720000000624,1e-06,1e-06,5.787936000000004,5.787936000000004,49.53688888888911,49.60266666666667,99.20533333333334,406.81714285714287,1e-06,1e-06,1e-06,1e-06,1e-06,1e-06,9.100104285714286,1e-06,1e-06,1e-06,1e-06,1e-06
40.861999999999405,5.115737872340484,1e-06,5.220200000000024,52.20200000000024,154.86593333333406,154.86593333333406,154.86593333333406,4.437153163875,572.336874539475,133.97107673523783,1e-06,1e-06,1e-06,27.99004537053777,39.12246469821271,5.933928000000002,5.933928000000002,5.933928000000002,1e-06,56.06406000000063,434.67481533312525,118.47551454762508,698.6328947389039,40.69078947373025,34.79062500003926,28.86136202425004,187.2836842111398,1e-06,1e-06,56.06406000000063,56.06406000000063,1e-06,1e-06,5.933928000000002,5.933928000000002,50.02691666666689,50.90800000000001,101.81600000000002,417.5228571428572,1e-06,1e-06,1e-06,1e-06,1e-06,1e-06,9.339580714285717,1e-06,1e-06,1e-06,1e-06,1e-06
39.54666666666607,5.241600000000058,1e-06,5.271333333333358,52.71333333333358,156.3828888888896,156.3828888888896,156.3828888888896,4.465982915,586.418037133252,137.26715741480297,1e-06,1e-06,1e-06,28.67868242574564,33.295714785713,6.07992,6.07992,6.07992,1e-06,57.44340000000063,459.300667235,125.187567725,702.2606842127941,39.57236842110332,33.83437500004323,32.35443288,189.7760526322537,1e-06,1e-06,57.44340000000063,57.44340000000063,1e-06,1e-06,6.07992,6.07992,50.51694444444467,52.21333333333334,104.42666666666668,428.22857142857146,1e-06,1e-06,1e-06,1e-06,1e-06,1e-06,9.579057142857144,1e-06,1e-06,1e-06,1e-06,1e-06
38.23133333333274,5.367462127659632,1e-06,5.32246666666669,53.22466666666691,157.89984444444514,157.89984444444514,157.89984444444514,4.494812666125,600.4991997270291,140.5632380943681,1e-06,1e-06,1e-06,29.367319480953512,27.468964873213288,6.225911999999998,6.225911999999998,6.225911999999998,1e-06,58.82274000000063,483.9265191368747,131.89962090237492,705.8884736866843,38.45394736847639,32.8781250000472,35.84750373574996,192.26842105336755,1e-06,1e-06,58.82274000000063,58.82274000000063,1e-06,1e-06,6.225911999999998,6.225911999999998,51.00697222222245,53.51866666666668,107.03733333333336,438.93428571428575,1e-06,1e-06,1e-06,1e-06,1e-06,1e-06,9.818533571428572,1e-06,1e-06,1e-06,1e-06,1e-06
36.91599999999941,5.493324255319207,1e-06,5.373600000000024,53.736000000000246,159.4168000000007,159.4168000000007,159.4168000000007,4.52364241725,614.5803623208061,143.85931877393324,1e-06,1e-06,1e-06,30.05595653616137,21.64221496071358,6.371903999999997,6.371903999999997,6.371903999999997,1e-06,60.20208000000064,508.5523710387494,138.61167407974983,709.5162631605746,37.33552631584947,31.92187500005117,39.34057459149992,194.76078947448144,1e-06,1e-06,60.20208000000064,60.20208000000064,1e-06,1e-06,6.371903999999997,6.371903999999997,51.49700000000023,54.824000000000005,109.648,449.64,1e-06,1e-06,1e-06,1e-06,1e-06,1e-06,10.05801,1e-06,1e-06,1e-06,1e-06,1e-06
35.60066666666607,5.619186382978781,1e-06,5.424733333333357,54.24733333333358,160.93375555555627,160.93375555555627,160.93375555555627,4.552472168374999,628.6615249145832,147.1553994534984,1e-06,1e-06,1e-06,30.744593591369245,15.815465048213872,6.517895999999995,6.517895999999995,6.517895999999995,1e-06,61.58142000000064,533.1782229406241,145.32372725712477,713.1440526344647,36.21710526322255,30.96562500005513,42.83364544724988,197.2531578955953,1e-06,1e-06,61.58142000000064,61.58142000000064,1e-06,1e-06,6.517895999999995,6.517895999999995,51.987027777778,56.129333333333335,112.25866666666668,460.3457142857144,1e-06,1e-06,1e-06,1e-06,1e-06,1e-06,10.29748642857143,1e-06,1e-06,1e-06,1e-06,1e-06
34.285333333332744,5.745048510638355,1e-06,5.475866666666691,54.75866666666691,162.4507111111118,162.4507111111118,162.4507111111118,4.581301919499999,642.7426875083602,150.45148013306354,1e-06,1e-06,1e-06,31.433230646577112,9.98871513571416,6.663887999999993,6.663887999999993,6.663887999999993,1e-06,62.96076000000063,557.8040748424988,152.03578043449969,716.7718421083549,35.09868421059562,30.009375000059105,46.32671630299984,199.7455263167092,1e-06,1e-06,62.96076000000063,62.96076000000063,1e-06,1e-06,6.663887999999993,6.663887999999993,52.47705555555578,57.43466666666667,114.86933333333334,471.0514285714286,1e-06,1e-06,1e-06,1e-06,1e-06,1e-06,10.53696285714286,1e-06,1e-06,1e-06,1e-06,1e-06
32.9699999999994,5.87091063829793,1e-06,5.527000000000023,55.270000000000245,163.96766666666736,163.96766666666736,163.96766666666736,4.610131670624999,656.8238501021372,153.74756081262868,1e-06,1e-06,1e-06,32.12186770178498,4.161965223214452,6.809879999999992,6.809879999999992,6.809879999999992,1e-06,64.34010000000063,582.4299267443736,158.74783361187465,720.3996315822452,33.98026315796869,29.05312500006308,49.8197871587498,202.23789473782304,1e-06,1e-06,64.34010000000063,64.34010000000063,1e-06,1e-06,6.809879999999992,6.809879999999992,52.96708333333356,58.74,117.48,481.75714285714287,1e-06,1e-06,1e-06,1e-06,1e-06,1e-06,10.776439285714288,1e-06,1e-06,1e-06,1e-06,1e-06
31.65466666666608,5.9967727659575045,1e-06,5.578133333333357,55.78133333333358,165.48462222222292,165.48462222222292,165.48462222222292,4.637691294499999,670.9050126959143,157.0436414921938,1e-06,1e-06,1e-06,32.81050475699285,1e-06,6.95587199999999,6.95587199999999,6.95587199999999,1e-06,65.71944000000063,593.0076521355016,161.63091175300045,724.0274210561354,32.86184210534177,28.096875000067044,54.896759177499376,204.7302631589369,1e-06,1e-06,65.71944000000063,65.71944000000063,1e-06,1e-06,6.95587199999999,6.95587199999999,53.45711111111134,60.04533333333334,120.09066666666668,492.4628571428572,1e-06,1e-06,1e-06,1e-06,1e-06,1e-06,11.015915714285716,1e-06,1e-06,1e-06,1e-06,1e-06
30.33933333333274,6.122634893617079,1e-06,5.62926666666669,56.29266666666691,167.0015777777785,167.0015777777785,167.0015777777785,4.662075600249999,684.9861752896913,160.33972217175898,1e-06,1e-06,1e-06,33.49914181220071,1e-06,7.101863999999988,7.101863999999988,7.101863999999988,1e-06,67.09878000000063,568.4650612497519,154.94155230350052,727.6552105300256,31.743421052714847,27.14062500007101,63.93348410374928,207.2226315800508,1e-06,1e-06,67.09878000000063,67.09878000000063,1e-06,1e-06,7.101863999999988,7.101863999999988,53.94713888888912,61.35066666666667,122.70133333333334,503.16857142857145,1e-06,1e-06,1e-06,1e-06,1e-06,1e-06,11.255392142857144,1e-06,1e-06,1e-06,1e-06,1e-06
29.023999999999408,6.248497021276654,1e-06,5.680400000000024,56.80400000000024,168.51853333333403,168.51853333333403,168.51853333333403,4.686459905999998,699.0673378834683,163.63580285132412,1e-06,1e-06,1e-06,34.18777886740858,1e-06,7.247855999999986,7.247855999999986,7.247855999999986,1e-06,68.47812000000064,543.9224703640022,148.2521928540006,731.2830000039157,30.625000000087923,26.18437500007498,72.97020902999917,209.71500000116464,1e-06,1e-06,68.47812000000064,68.47812000000064,1e-06,1e-06,7.247855999999986,7.247855999999986,54.43716666666689,62.656000000000006,125.312,513.8742857142857,1e-06,1e-06,1e-06,1e-06,1e-06,1e-06,11.494868571428572,1e-06,1e-06,1e-06,1e-06,1e-06
27.70866666666608,6.374359148936228,1e-06,5.731533333333357,57.31533333333358,170.0354888888896,170.0354888888896,170.0354888888896,4.710844211749998,713.1485004772454,166.93188353088925,1e-06,1e-06,1e-06,34.876415922616445,1e-06,7.393847999999985,7.393847999999985,7.393847999999985,1e-06,69.85746000000064,519.3798794782524,141.56283340450068,734.910789477806,29.506578947461,25.22812500007895,82.00693395624907,212.2073684222785,1e-06,1e-06,69.85746000000064,69.85746000000064,1e-06,1e-06,7.393847999999985,7.393847999999985,54.92719444444467,63.961333333333336,127.92266666666669,524.58,1e-06,1e-06,1e-06,1e-06,1e-06,1e-06,11.734345,1e-06,1e-06,1e-06,1e-06,1e-06
26.39333333333274,6.500221276595803,1e-06,5.782666666666691,57.82666666666691,171.55244444444514,171.55244444444514,171.55244444444514,4.735228517499998,727.2296630710224,170.22796421045442,1e-06,1e-06,1e-06,35.565052977824315,1e-06,7.539839999999983,7.539839999999983,7.539839999999983,1e-06,71.23680000000064,494.8372885925028,134.87347395500075,738.5385789516962,28.38815789483408,24.27187500008292,91.04365888249896,214.6997368433924,1e-06,1e-06,71.23680000000064,71.23680000000064,1e-06,1e-06,7.539839999999983,7.539839999999983,55.41722222222245,65.26666666666667,130.53333333333333,535.2857142857143,1e-06,1e-06,1e-06,1e-06,1e-06,1e-06,11.97382142857143,1e-06,1e-06,1e-06,1e-06,1e-06
25.07799999999941,6.626083404255377,1e-06,5.833800000000024,58.33800000000024,173.0694000000007,173.0694000000007,173.0694000000007,4.759612823249997,741.3108256647995,173.52404489001955,1e-06,1e-06,1e-06,36.253690033032186,1e-06,7.685831999999982,7.685831999999982,7.685831999999982,1e-06,72.61614000000064,470.294697706753,128.18411450550084,742.1663684255864,27.26973684220715,23.31562500008689,100.08038380874886,217.19210526450624,1e-06,1e-06,72.61614000000064,72.61614000000064,1e-06,1e-06,7.685831999999982,7.685831999999982,55.90725000000023,66.572,133.144,545.9914285714286,1e-06,1e-06,1e-06,1e-06,1e-06,1e-06,12.21329785714286,1e-06,1e-06,1e-06,1e-06,1e-06
23.76266666666608,6.751945531914952,1e-06,5.884933333333357,58.849333333333576,174.58635555555625,174.58635555555625,174.58635555555625,4.783997128999997,755.3919882585765,176.8201255695847,1e-06,1e-06,1e-06,36.94232708824005,1e-06,7.83182399999998,7.83182399999998,7.83182399999998,1e-06,73.99548000000064,445.7521068210033,121.49475505600093,745.7941578994767,26.151315789580224,22.359375000090857,109.11710873499877,219.6844736856201,1e-06,1e-06,73.99548000000064,73.99548000000064,1e-06,1e-06,7.83182399999998,7.83182399999998,56.397277777778,67.87733333333334,135.75466666666668,556.6971428571429,1e-06,1e-06,1e-06,1e-06,1e-06,1e-06,12.452774285714288,1e-06,1e-06,1e-06,1e-06,1e-06
22.447333333332743,6.877807659574526,1e-06,5.93606666666669,59.36066666666691,176.10331111111182,176.10331111111182,176.10331111111182,4.808381434749997,769.4731508523536,180.11620624914983,1e-06,1e-06,1e-06,37.63096414344792,1e-06,7.977815999999978,7.977815999999978,7.977815999999978,1e-06,75.37482000000064,421.2095159352536,114.80539560650098,749.4219473733668,25.032894736953303,21.403125000094825,118.15383366124864,222.176842106734,1e-06,1e-06,75.37482000000064,75.37482000000064,1e-06,1e-06,7.977815999999978,7.977815999999978,56.88730555555578,69.18266666666668,138.36533333333335,567.4028571428571,1e-06,1e-06,1e-06,1e-06,1e-06,1e-06,12.692250714285716,1e-06,1e-06,1e-06,1e-06,1e-06
21.131999999999408,7.003669787234101,1e-06,5.987200000000024,59.87200000000024,177.6202666666674,177.6202666666674,177.6202666666674,4.832765740499997,783.5543134461307,183.412286928715,1e-06,1e-06,1e-06,38.31960119865578,1e-06,8.123807999999975,8.123807999999975,8.123807999999975,1e-06,76.75416000000064,396.6669250495039,108.11603615700106,753.049736847257,23.91447368432637,20.446875000098792,127.19055858749854,224.66921052784784,1e-06,1e-06,76.75416000000064,76.75416000000064,1e-06,1e-06,8.123807999999975,8.123807999999975,57.37733333333356,70.488,140.976,578.1085714285714,1e-06,1e-06,1e-06,1e-06,1e-06,1e-06,12.931727142857143,1e-06,1e-06,1e-06,1e-06,1e-06
19.81666666666608,7.129531914893676,1e-06,6.038333333333357,60.38333333333357,179.13722222222293,179.13722222222293,179.13722222222293,4.857150046249996,797.6354760399076,186.70836760828013,1e-06,1e-06,1e-06,39.00823825386365,1e-06,8.269799999999975,8.269799999999975,8.269799999999975,1e-06,78.13350000000065,372.12433416375416,101.42667670750114,756.6775263211473,22.796052631699453,19.49062500010276,136.22728351374843,227.16157894896173,1e-06,1e-06,78.13350000000065,78.13350000000065,1e-06,1e-06,8.269799999999975,8.269799999999975,57.867361111111336,71.79333333333334,143.58666666666667,588.8142857142857,1e-06,1e-06,1e-06,1e-06,1e-06,1e-06,13.171203571428572,1e-06,1e-06,1e-06,1e-06,1e-06
18.501333333332745,7.255394042553251,1e-06,6.089466666666691,60.89466666666691,180.6541777777785,180.6541777777785,180.6541777777785,4.881534351999996,811.7166386336847,190.0044482878453,1e-06,1e-06,1e-06,39.69687530907152,1e-06,8.415791999999973,8.415791999999973,8.415791999999973,1e-06,79.51284000000065,347.5817432780044,94.7373172580012,760.3053157950375,21.677631579072525,18.53437500010673,145.26400843999835,229.6539473700756,1e-06,1e-06,79.51284000000065,79.51284000000065,1e-06,1e-06,8.415791999999973,8.415791999999973,58.35738888888912,73.09866666666667,146.19733333333335,599.52,1e-06,1e-06,1e-06,1e-06,1e-06,1e-06,13.41068,1e-06,1e-06,1e-06,1e-06,1e-06
17.18599999999941,7.381256170212826,1e-06,6.140600000000024,61.40600000000024,182.17113333333404,182.17113333333404,182.17113333333404,4.905918657749996,825.7978012274617,193.30052896741043,1e-06,1e-06,1e-06,40.385512364279386,1e-06,8.561783999999971,8.561783999999971,8.561783999999971,1e-06,80.89218000000065,323.0391523922547,88.0479578085013,763.9331052689276,20.559210526445604,17.578125000110703,154.30073336624824,232.1463157911895,1e-06,1e-06,80.89218000000065,80.89218000000065,1e-06,1e-06,8.561783999999971,8.561783999999971,58.847416666666895,74.40400000000001,148.80800000000002,610.2257142857143,1e-06,1e-06,1e-06,1e-06,1e-06,1e-06,13.650156428571428,1e-06,1e-06,1e-06,1e-06,1e-06
15.87066666666608,7.5071182978724,1e-06,6.1917333333333575,61.91733333333357,183.6880888888896,183.6880888888896,183.6880888888896,4.926044299249996,839.8789638212388,196.5966096469756,1e-06,1e-06,1e-06,41.074149419487256,1e-06,8.707775999999974,8.707775999999974,8.707775999999974,1e-06,82.27152000000065,342.7170951419954,93.41140264224876,767.5608947428179,19.44078947381868,16.62187500011467,148.8957890140013,234.63868421230333,1e-06,1e-06,82.27152000000065,82.27152000000065,1e-06,1e-06,8.707775999999974,8.707775999999974,59.33744444444467,75.70933333333333,151.41866666666667,620.9314285714286,1e-06,1e-06,1e-06,1e-06,1e-06,1e-06,13.889632857142855,1e-06,1e-06,1e-06,1e-06,1e-06
14.555333333332744,7.632980425531974,1e-06,6.24286666666669,62.428666666666906,185.20504444444515,185.20504444444515,185.20504444444515,4.945460163374998,853.9601264150158,199.8926903265407,1e-06,1e-06,1e-06,41.76278647469512,1e-06,8.85376799999998,8.85376799999998,8.85376799999998,1e-06,83.65086000000065,369.76512683099617,100.78364818987396,771.1886842167081,18.322368421191754,15.665625000118638,141.0838997820011,237.1310526334172,1e-06,1e-06,83.65086000000065,83.65086000000065,1e-06,1e-06,8.85376799999998,8.85376799999998,59.82747222222245,77.01466666666667,154.02933333333334,631.6371428571429,1e-06,1e-06,1e-06,1e-06,1e-06,1e-06,14.129109285714286,1e-06,1e-06,1e-06,1e-06,1e-06
13.23999999999941,7.758842553191548,1e-06,6.294000000000024,62.94000000000024,186.72200000000072,186.72200000000072,186.72200000000072,4.964876027499998,868.0412890087928,203.18877100610587,1e-06,1e-06,1e-06,42.45142352990298,1e-06,8.999759999999982,8.999759999999982,8.999759999999982,1e-06,85.03020000000065,396.8131585199969,108.15589373749916,774.8164736905983,17.20394736856483,14.709375000122607,133.27201055000089,239.62342105453104,1e-06,1e-06,85.03020000000065,85.03020000000065,1e-06,1e-06,8.999759999999982,8.999759999999982,60.31750000000023,78.32000000000001,156.64,642.3428571428572,1e-06,1e-06,1e-06,1e-06,1e-06,1e-06,14.368585714285716,1e-06,1e-06,1e-06,1e-06,1e-06
11.924666666666075,7.884704680851123,1e-06,6.345133333333357,63.45133333333357,188.23895555555623,188.23895555555623,188.23895555555623,4.984291891624999,882.1224516025698,206.484851685671,1e-06,1e-06,1e-06,43.14006058511085,1e-06,9.145751999999987,9.145751999999987,9.145751999999987,1e-06,86.40954000000065,423.8611902089977,115.52813928512435,778.4442631644886,16.085526315937905,13.753125000126577,125.46012131800066,242.11578947564493,1e-06,1e-06,86.40954000000065,86.40954000000065,1e-06,1e-06,9.145751999999987,9.145751999999987,60.807527777778006,79.62533333333334,159.2506666666667,653.0485714285714,1e-06,1e-06,1e-06,1e-06,1e-06,1e-06,14.608062142857143,1e-06,1e-06,1e-06,1e-06,1e-06
10.609333333332742,8.010566808510697,1e-06,6.3962666666666905,63.962666666666905,189.75591111111183,189.75591111111183,189.75591111111183,5.003707755749999,896.2036141963468,209.7809323652361,1e-06,1e-06,1e-06,43.82869764031872,1e-06,9.29174399999999,9.29174399999999,9.29174399999999,1e-06,87.78888000000065,450.90922189799846,122.90038483274958,782.0720526383788,14.96710526331098,12.796875000130544,117.64823208600043,244.6081578967588,1e-06,1e-06,87.78888000000065,87.78888000000065,1e-06,1e-06,9.29174399999999,9.29174399999999,61.29755555555578,80.93066666666668,161.86133333333336,663.7542857142857,1e-06,1e-06,1e-06,1e-06,1e-06,1e-06,14.847538571428572,1e-06,1e-06,1e-06,1e-06,1e-06
9.29399999999941,8.136428936170272,1e-06,6.447400000000024,64.47400000000025,191.27286666666737,191.27286666666737,191.27286666666737,5.023123619874999,910.2847767901238,213.07701304480128,1e-06,1e-06,1e-06,44.51733469552658,1e-06,9.437735999999996,9.437735999999996,9.437735999999996,1e-06,89.16822000000064,477.9572535869992,130.27263038037478,785.6998421122689,13.848684210684056,11.840625000134512,109.8363428540002,247.10052631787264,1e-06,1e-06,89.16822000000064,89.16822000000064,1e-06,1e-06,9.437735999999996,9.437735999999996,61.78758333333356,82.236,164.472,674.46,1e-06,1e-06,1e-06,1e-06,1e-06,1e-06,15.087015,1e-06,1e-06,1e-06,1e-06,1e-06
7.978666666666076,8.262291063829846,1e-06,6.498533333333357,64.98533333333357,192.7898222222229,192.7898222222229,192.7898222222229,5.042539484,924.3659393839008,216.3730937243664,1e-06,1e-06,1e-06,45.20597175073445,1e-06,9.583728,9.583728,9.583728,1e-06,90.54756000000064,505.005285276,137.644875928,789.3276315861592,12.730263158057133,10.884375000138482,102.02445362199998,249.5928947389865,1e-06,1e-06,90.54756000000064,90.54756000000064,1e-06,1e-06,9.583728,9.583728,62.27761111111134,83.54133333333334,167.08266666666668,685.1657142857143,1e-06,1e-06,1e-06,1e-06,1e-06,1e-06,15.326491428571428,1e-06,1e-06,1e-06,1e-06,1e-06
6.663333333332743,8.38815319148942,1e-06,6.54966666666669,65.49666666666691,194.3067777777785,194.3067777777785,194.3067777777785,5.061955348125001,938.4471019776778,219.66917440393155,1e-06,1e-06,1e-06,45.89460880594231,1e-06,9.729720000000004,9.729720000000004,9.729720000000004,1e-06,91.92690000000064,532.0533169650007,145.0171214756252,792.9554210600494,11.611842105430208,9.928125000142453,94.21256438999976,252.0852631601004,1e-06,1e-06,91.92690000000064,91.92690000000064,1e-06,1e-06,9.729720000000004,9.729720000000004,62.76763888888912,84.84666666666668,169.69333333333336,695.8714285714286,1e-06,1e-06,1e-06,1e-06,1e-06,1e-06,15.565967857142857,1e-06,1e-06,1e-06,1e-06,1e-06
5.347999999999409,8.514015319148996,1e-06,6.600800000000024,66.00800000000024,195.82373333333405,195.82373333333405,195.82373333333405,5.081371212250001,952.5282645714548,222.9652550834967,1e-06,1e-06,1e-06,46.583245861150175,1e-06,9.875712000000007,9.875712000000007,9.875712000000007,1e-06,93.30624000000064,559.1013486540015,152.38936702325043,796.5832105339396,10.493421052803283,8.971875000146419,86.40067515799954,254.57763158121423,1e-06,1e-06,93.30624000000064,93.30624000000064,1e-06,1e-06,9.875712000000007,9.875712000000007,63.25766666666689,86.15200000000002,172.30400000000003,706.5771428571429,1e-06,1e-06,1e-06,1e-06,1e-06,1e-06,15.805444285714286,1e-06,1e-06,1e-06,1e-06,1e-06
4.032666666666074,8.639877446808569,1e-06,6.651933333333357,66.51933333333358,197.3406888888896,197.3406888888896,197.3406888888896,5.100787076375002,966.609427165232,226.26133576306185,1e-06,1e-06,1e-06,47.271882916358045,1e-06,10.021704000000012,10.021704000000012,10.021704000000012,1e-06,94.68558000000064,586.1493803430023,159.76161257087563,800.2110000078299,9.37500000017636,8.015625000150388,78.58878592599933,257.07000000232813,1e-06,1e-06,94.68558000000064,94.68558000000064,1e-06,1e-06,10.021704000000012,10.021704000000012,63.74769444444467,87.45733333333334,174.91466666666668,717.2828571428572,1e-06,1e-06,1e-06,1e-06,1e-06,1e-06,16.044920714285713,1e-06,1e-06,1e-06,1e-06,1e-06
2.717333333332741,8.765739574468144,1e-06,6.7030666666666905,67.0306666666669,198.8576444444452,198.8576444444452,198.8576444444452,5.120202940500002,980.6905897590088,229.557416442627,1e-06,1e-06,1e-06,47.96051997156591,1e-06,10.167696000000015,10.167696000000015,10.167696000000015,1e-06,96.06492000000064,613.1974120320031,167.13385811850085,803.83878948172,8.256578947549436,7.059375000154358,70.7768966939991,259.562368423442,1e-06,1e-06,96.06492000000064,96.06492000000064,1e-06,1e-06,10.167696000000015,10.167696000000015,64.23772222222244,88.76266666666668,177.52533333333335,727.9885714285715,1e-06,1e-06,1e-06,1e-06,1e-06,1e-06,16.28439714285714,1e-06,1e-06,1e-06,1e-06,1e-06
1.8920000374995736,8.89160170212772,1e-06,6.754200000000023,67.54200000000024,200.37460000000075,200.37460000000075,200.37460000000075,5.135287191625001,994.771752352786,232.85349712219207,1e-06,1e-06,1e-06,48.64915702677377,1e-06,10.31368800000002,10.31368800000002,10.31368800000002,1e-06,97.44426000000064,628.65343014,171.34656986,807.4665789556103,7.33182569557158,6.2687109751508,64.75834683087454,262.05473684455586,1e-06,1e-06,97.44426000000064,97.44426000000064,1e-06,1e-06,10.31368800000002,10.31368800000002,64.72775000000023,90.06800000000001,180.13600000000002,738.6942857142858,1e-06,1e-06,1e-06,1e-06,1e-06,1e-06,16.52387357142857,1e-06,1e-06,1e-06,1e-06,1e-06
1.7200001249996124,9.017463829787292,1e-06,6.8053333333333565,68.05333333333357,201.89155555555627,201.89155555555627,201.89155555555627,5.144595958750001,1008.8529149465628,236.1495778017573,1e-06,1e-06,1e-06,49.33779408198164,1e-06,10.459680000000017,10.459680000000017,10.459680000000017,1e-06,98.82360000000064,628.65343014,171.34656986,811.0943684295005,6.665296177792346,5.69882825013709,61.13091612624958,264.5471052656697,1e-06,1e-06,98.82360000000064,98.82360000000064,1e-06,1e-06,10.459680000000017,10.459680000000017,65.21777777777801,91.37333333333336,182.7466666666667,749.4,1e-06,1e-06,1e-06,1e-06,1e-06,1e-06,16.76335,1e-06,1e-06,1e-06,1e-06,1e-06
1.5480002124996513,9.143325957446867,1e-06,6.85646666666669,68.56466666666691,203.40851111111184,203.40851111111184,203.40851111111184,5.153904725875001,1022.93407754034,239.4456584813224,1e-06,1e-06,1e-06,50.02643113718951,1e-06,10.605672000000016,10.605672000000016,10.605672000000016,1e-06,100.20294000000064,628.65343014,171.34656986,814.7221579033907,5.998766660013112,5.128945525123382,57.50348542162463,267.0394736867836,1e-06,1e-06,100.20294000000064,100.20294000000064,1e-06,1e-06,10.605672000000016,10.605672000000016,65.70780555555578,92.67866666666669,185.35733333333337,760.1057142857143,1e-06,1e-06,1e-06,1e-06,1e-06,1e-06,17.002826428571428,1e-06,1e-06,1e-06,1e-06,1e-06
1.37600029999969,9.269188085106444,1e-06,6.907600000000024,69.07600000000023,204.9254666666673,204.9254666666673,204.9254666666673,5.163213493000001,1037.015240134117,242.7417391608876,1e-06,1e-06,1e-06,50.715068192397375,1e-06,10.751664000000014,10.751664000000014,10.751664000000014,1e-06,101.58228000000064,628.65343014,171.34656986,818.349947377281,5.332237142233877,4.559062800109673,53.87605471699967,269.53184210789743,1e-06,1e-06,101.58228000000064,101.58228000000064,1e-06,1e-06,10.751664000000014,10.751664000000014,66.19783333333356,93.984,187.968,770.8114285714286,1e-06,1e-06,1e-06,1e-06,1e-06,1e-06,17.242302857142857,1e-06,1e-06,1e-06,1e-06,1e-06
1.204000387499729,9.395050212766016,1e-06,6.958733333333357,69.58733333333358,206.4424222222229,206.4424222222229,206.4424222222229,5.1725222601250005,1051.096402727894,246.03781984045267,1e-06,1e-06,1e-06,51.403705247605245,1e-06,10.897656000000012,10.897656000000012,10.897656000000012,1e-06,102.96162000000064,628.65343014,171.34656986,821.9777368511711,4.665707624454642,3.9891800750959634,50.24862401237471,272.0242105290113,1e-06,1e-06,102.96162000000064,102.96162000000064,1e-06,1e-06,10.897656000000012,10.897656000000012,66.68786111111133,95.28933333333336,190.5786666666667,781.5171428571429,1e-06,1e-06,1e-06,1e-06,1e-06,1e-06,17.481779285714286,1e-06,1e-06,1e-06,1e-06,1e-06
1.0320004749997675,9.52091234042559,1e-06,7.00986666666669,70.0986666666669,207.95937777777849,207.95937777777849,207.95937777777849,5.181831027250001,1065.177565321671,249.3339005200178,1e-06,1e-06,1e-06,52.09234230281311,1e-06,11.04364800000001,11.04364800000001,11.04364800000001,1e-06,104.34096000000063,628.65343014,171.34656986,825.6055263250614,3.999178106675408,3.4192973500822545,46.62119330774975,274.5165789501252,1e-06,1e-06,104.34096000000063,104.34096000000063,1e-06,1e-06,11.04364800000001,11.04364800000001,67.17788888888911,96.59466666666668,193.18933333333337,792.2228571428572,1e-06,1e-06,1e-06,1e-06,1e-06,1e-06,17.721255714285714,1e-06,1e-06,1e-06,1e-06,1e-06
0.8600005624998064,9.646774468085166,1e-06,7.061000000000024,70.61000000000024,209.47633333333405,209.47633333333405,209.47633333333405,5.191139794375001,1079.2587279154482,252.62998119958297,1e-06,1e-06,1e-06,52.78097935802098,1e-06,11.18964000000001,11.18964000000001,11.18964000000001,1e-06,105.72030000000063,628.65343014,171.34656986,829.2333157989516,3.332648588896173,2.8494146250685453,42.99376260312479,277.00894737123906,1e-06,1e-06,105.72030000000063,105.72030000000063,1e-06,1e-06,11.18964000000001,11.18964000000001,67.6679166666669,97.9,195.8,802.9285714285714,1e-06,1e-06,1e-06,1e-06,1e-06,1e-06,17.960732142857143,1e-06,1e-06,1e-06,1e-06,1e-06
0.688000649999845,9.77263659574474,1e-06,7.112133333333357,71.12133333333357,210.9932888888896,210.9932888888896,210.9932888888896,5.200448561500001,1093.3398905092251,255.9260618791481,1e-06,1e-06,1e-06,53.46961641322885,1e-06,11.335632000000007,11.335632000000007,11.335632000000007,1e-06,107.09964000000063,628.65343014,171.34656986,832.8611052728418,2.666119071116939,2.2795319000548364,39.36633189849983,279.5013157923529,1e-06,1e-06,107.09964000000063,107.09964000000063,1e-06,1e-06,11.335632000000007,11.335632000000007,68.15794444444467,99.20533333333334,198.41066666666669,813.6342857142857,1e-06,1e-06,1e-06,1e-06,1e-06,1e-06,18.20020857142857,1e-06,1e-06,1e-06,1e-06,1e-06
0.5160007374998838,9.898498723404314,1e-06,7.16326666666669,71.6326666666669,212.5102444444452,212.5102444444452,212.5102444444452,5.209757328625001,1107.421053103002,259.22214255871324,1e-06,1e-06,1e-06,54.15825346843671,1e-06,11.481624000000004,11.481624000000004,11.481624000000004,1e-06,108.47898000000065,628.65343014,171.34656986,836.4888947467321,1.999589553337704,1.7096491750411271,35.738901193874874,281.9936842134668,1e-06,1e-06,108.47898000000065,108.47898000000065,1e-06,1e-06,11.481624000000004,11.481624000000004,68.64797222222245,100.51066666666668,201.02133333333336,824.34,1e-06,1e-06,1e-06,1e-06,1e-06,1e-06,18.439685,1e-06,1e-06,1e-06,1e-06,1e-06
0.3440008249999224,10.02436085106389,1e-06,7.214400000000023,72.14400000000023,214.0272000000007,214.0272000000007,214.0272000000007,5.219066095750001,1121.502215696779,262.5182232382784,1e-06,1e-06,1e-06,54.84689052364458,1e-06,11.627616000000003,11.627616000000003,11.627616000000003,1e-06,109.85832000000065,628.65343014,171.34656986,840.1166842206222,1.3330600355584696,1.1397664500274178,32.11147048924991,284.48605263458063,1e-06,1e-06,109.85832000000065,109.85832000000065,1e-06,1e-06,11.627616000000003,11.627616000000003,69.13800000000023,101.81600000000002,203.63200000000003,835.0457142857143,1e-06,1e-06,1e-06,1e-06,1e-06,1e-06,18.67916142857143,1e-06,1e-06,1e-06,1e-06,1e-06
0.1720009124999613,10.150222978723464,1e-06,7.265533333333357,72.65533333333357,215.54415555555624,215.54415555555624,215.54415555555624,5.228374862875,1135.5833782905563,265.8143039178435,1e-06,1e-06,1e-06,55.535527578852445,1e-06,11.773608000000005,11.773608000000005,11.773608000000005,1e-06,111.23766000000066,628.65343014,171.34656986,843.7444736945125,0.6665305177792353,0.5698837250137094,28.484039784624954,286.9784210556945,1e-06,1e-06,111.23766000000066,111.23766000000066,1e-06,1e-06,11.773608000000005,11.773608000000005,69.628027777778,103.12133333333334,206.24266666666668,845.7514285714286,1e-06,1e-06,1e-06,1e-06,1e-06,1e-06,18.91863785714286,1e-06,1e-06,1e-06,1e-06,1e-06
1e-06,10.276085106383038,1e-06,7.31666666666669,73.1666666666669,217.0611111111118,217.0611111111118,217.0611111111118,5.23768363,1149.6645408843333,269.11038459740865,1e-06,1e-06,1e-06,56.22416463406032,1e-06,11.9196,11.9196,11.9196,1e-06,112.61700000000066,628.65343014,171.34656986,847.3722631684027,1e-06,1e-06,24.85660908,289.4707894768084,1e-06,1e-06,112.61700000000066,112.61700000000066,1e-06,1e-06,11.9196,11.9196,70.11805555555578,104.42666666666668,208.85333333333327,856.4571428571429,1e-06,1e-06,1e-06,1e-06,1e-06,1e-06,19.158114285714287,1e-06,1e-06,1e-06,1e-06,1e-06
1e-06,10.276085106383038,1e-06,7.31666666666669,73.1666666666669,217.0611111111118,217.0611111111118,217.0611111111118,5.23768363,1149.6645408843333,269.11038459740865,1e-06,1e-06,1e-06,56.22416463406032,1e-06,11.9196,11.9196,11.9196,1e-06,112.61700000000066,628.65343014,171.34656986,847.3722631684027,1e-06,1e-06,24.85660908,289.4707894768084,1e-06,1e-06,112.61700000000066,112.61700000000066,1e-06,1e-06,11.9196,11.9196,70.11805555555578,104.42666666666668,208.85333333333327,856.4571428571429,1e-06,1e-06,1e-06,1e-06,1e-06,1e-06,19.158114285714287,1e-06,1e-06,1e-06,1e-06,1e-06
