years,methane.FossilGas,methane.UpgradingBiogas,hydrogen.gaseous_hydrogen.WaterGasShift,hydrogen.gaseous_hydrogen.Electrolysis.SOEC,hydrogen.gaseous_hydrogen.Electrolysis.PEM,hydrogen.gaseous_hydrogen.Electrolysis.AWE,hydrogen.gaseous_hydrogen.PlasmaCracking,biogas.AnaerobicDigestion,syngas.BiomassGasification,syngas.SMR,syngas.CoalGasification,syngas.Pyrolysis,syngas.AutothermalReforming,syngas.CoElectrolysis,fuel.liquid_fuel.Refinery,fuel.liquid_fuel.FischerTropsch,fuel.hydrotreated_oil_fuel.HefaDecarboxylation,fuel.hydrotreated_oil_fuel.HefaDeoxygenation,solid_fuel.CoalExtraction,solid_fuel.Pelletizing,biomass_dry.ManagedWood,biomass_dry.UnmanagedWood,biomass_dry.CropEnergy,electricity.WindOffshore,electricity.WindOnshore,electricity.SolarPv,electricity.SolarThermal,electricity.Hydropower,electricity.Nuclear,electricity.CombinedCycleGasTurbine,electricity.GasTurbine,electricity.BiogasFired,electricity.Geothermal,electricity.CoalGen,electricity.OilGen,electricity.BiomassFired,fuel.biodiesel.Transesterification,hydrogen.liquid_hydrogen.HydrogenLiquefaction,carbon_capture.direct_air_capture.AmineScrubbing,carbon_capture.direct_air_capture.CalciumPotassiumScrubbing,carbon_capture.flue_gas_capture.CalciumLooping,carbon_capture.flue_gas_capture.ChilledAmmoniaProcess,carbon_capture.flue_gas_capture.CO2Membranes,carbon_capture.flue_gas_capture.MonoEthanolAmine,carbon_capture.flue_gas_capture.PiperazineProcess,carbon_capture.flue_gas_capture.PressureSwingAdsorption,carbon_storage.BiomassBuryingFossilization,carbon_storage.DeepOceanInjection,carbon_storage.DeepSalineFormation,carbon_storage.DepletedOilGas,carbon_storage.EnhancedOilRecovery,carbon_storage.GeologicMineralization,carbon_storage.PureCarbonSolidStorage
2020.0,19.235832177098818,27.376208765419328,1e-06,3.1384398946402032,20.92889261700037,1.4448324900856775,6.978681999286724,1.144,33.17659485127938,53.50796946006585,0.8490772936477244,0.7099862590505004,101.89494873200486,26.06117347961621,214.99968904435224,21.8017980891094,89.28037249318996,90.6836443026151,6.701443938150169,215.7419988659814,97.02019558566433,1e-06,2.9389209577507454,39.327192194059535,144.28753544078504,68.97925880664819,51.04186639182599,78.1149928062356,68.21776087949313,80.71217054977254,89.00533697851829,64.20426918789516,22.36738373176872,41.247152653842726,1e-06,36.9515941520834,1e-06,226.80314260771624,5.549539561891467,0.5830772826527043,116.95517063427272,105.34869571332996,20.0388013772144,60.09843415071936,125.14325959132276,72.69139162398905,251.33017261205524,27.36474857098396,27.897892346026808,27.897892346026808,5.252239168936273,2.2295179509672223,1e-06
2021.0,15.849837871102462,29.371902042402432,3.4092465170875523,2.7300088678386745,17.244876294769593,1.190528338103185,10.41995357101863,1.5905903620264463,32.063587173358776,55.66400222449624,0.8267274276737538,0.7249325422010926,94.07711589543412,26.306349487878155,194.571640034939,34.1415907444596,74.0271304730294,74.99550525782695,5.580645838884656,191.42491367518525,106.91953813174024,1e-06,2.421596424172062,54.59895726278584,200.31811430143497,96.49176598083372,44.48776443878708,82.9623447112792,63.48760895709503,74.51472413350308,74.5559596195699,57.49353040684112,58.66260144538903,36.008030493285446,1e-06,33.65160483188477,0.2534847173665717,200.8697131624743,4.719259230667015,1.861972304400913,107.08700369593446,96.586732992837,21.55185475572495,56.15262499342043,114.99276274417676,66.65228029497614,212.6168255985347,31.77989549179709,32.404174130668665,32.404174130668665,5.831057919283182,3.08105218664495,0.0265229522335048
2022.0,12.886508216937642,31.260026785725984,6.686841399257808,2.3875438361730814,14.02072331373267,0.9681082244743592,13.145960145195474,1.987377851570444,31.1599090200982,56.80727557092247,0.7993631544575419,0.7287079672943731,87.40603928692143,26.57953105006848,176.97808794808387,44.71603413905425,60.68293241256157,61.24748863407521,4.715406157942236,170.12420163262698,115.29345774982842,1e-06,1.9688477685713,67.46330011981527,247.51610180959028,119.95607905514002,38.88160754802286,87.55309261140711,59.51030820741447,68.98522230703077,61.99128166268522,51.367004677073865,90.25091601049944,31.28846026780419,1e-06,30.56859895540355,0.9736713078629324,177.6850976668319,4.283401305883481,3.314760532255291,98.43008358735014,88.92520679110262,23.046264461308063,52.7780059900601,106.06270113278184,61.48241631412541,178.5625791809782,35.7280171869263,36.43401722814242,36.43401722814242,6.424699481600992,3.881909573803489,0.1027931105308177
2023.0,10.31766807322264,33.043217734680965,9.839472104094297,2.115322197005692,11.225776117810014,0.7755929495039828,15.214408393038212,2.3375086339791142,30.450239756999647,57.03692344004871,0.7682806941407243,0.722378110576524,81.80867044618667,26.877235503861822,162.04300735373312,53.644039014652726,49.11998927083378,49.31096383735349,4.081895167894626,151.63653539538657,122.21830870256473,1e-06,1.5763699324165985,78.0958750493978,286.52595596873556,139.65797211423632,34.15687343677988,91.85850417243364,56.22877681237178,64.07555365723229,51.18396287728786,45.79422761980507,117.44522102178112,27.058440478200705,1e-06,27.6950515442688,2.100163929084051,157.08207726543296,4.2028249498116494,4.922009772612107,90.90283644449616,82.289584180633,24.519354564479976,49.93567663567305,98.27136908937132,57.12083030130182,148.86747131804358,39.235745111707,40.01433455827773,40.01433455827773,7.02756863516434,4.633720704098401,0.2238679272871364
2024.0,8.11514229857573,34.72410962855838,12.873825089180531,1.9176213476987745,8.829377150922031,0.6110033134968396,16.68300498576781,2.644128874599584,29.91925874956513,56.45207977257922,0.734776266864937,0.7070085482937265,77.21196091294975,27.1959801869328,149.590372821833,61.04451611301443,39.21051200689329,39.05730027365535,3.656283141313542,135.75858762054406,127.77044525258508,1e-06,1.239857857176096,86.67233633578346,317.9921347823559,155.8832192427918,30.24703982230468,95.849847060173,53.58593295388734,59.737606770984286,42.00666303280139,40.74473485624642,140.55841007391507,23.287969625276723,1e-06,25.023437620109537,3.5725657386248946,138.89343310292168,4.43838932472231,6.664287831867627,84.42368840334873,76.60533223393426,25.96844913575693,47.58673642529388,91.53706094617844,53.50655287637032,123.23153996838865,42.32971072147456,43.172039040904274,43.172039040904274,7.634070159247858,5.338116169185255,0.3848038548976585
2025.0,6.250755751615201,36.30533720664922,15.79658681210004,1.7987186856145947,6.800868856989134,0.4723601167577126,17.609456594605227,2.910384738778977,29.551645363296664,55.15187850921816,0.7001460927718155,0.6836648566921628,73.54286222693057,27.53228243695604,139.44415892232976,67.03637617589877,30.82671157978739,30.35786734897441,3.414740350770697,122.28703096517934,132.02622166252542,1.0000000000000002e-06,0.95500648431793,93.36833826322218,342.5590962539359,168.91759452547578,27.08558442184379,99.49838894043948,51.524694813881496,55.92327023516338,34.33204189864943,36.18806200760957,159.90337676158242,19.94704620983399,1.0000000000000002e-06,22.54623220455483,5.330479894080433,122.95194632394217,4.950953592886249,8.522162516418122,78.91106559988415,71.7979180235126,27.390872245655185,45.69228485395726,85.77807103543644,50.578614659195765,101.35482309067125,45.03654547156438,45.93404359585168,45.93404359585168,8.238608833126182,5.996726560719615,0.5806573457575819
2026.0,4.6963332909593305,37.78953520824448,18.61444373043636,1.7628916081154216,5.109593679931732,0.3576841595913854,18.051469890771425,3.139422391864418,29.332078963696247,53.235453590669806,0.6656863920029958,0.6534126120180146,70.72832592784903,27.88265959160618,131.42834022516976,71.73852994506511,23.840798948563386,23.084034469304243,3.3334370688378088,111.01853808637247,135.06199219502165,1.0000000000000002e-06,0.7175107553102406,98.35953511596404,360.87129838696046,179.04687204695747,24.605984952643745,102.77539747904736,49.98798057427459,52.584432636646206,28.03275924425555,32.09374469510624,175.7930146794643,17.005668732674238,1.0000000000000002e-06,20.255910319233728,7.313509553045637,109.0903980731384,5.701376916574249,10.476201632659858,74.28339417007875,67.79280862187423,28.783947964690963,44.21342141669782,80.91269368937861,48.27604626964314,82.93735864354919,47.38288081731187,48.32726114294962,48.32726114294962,8.835589436073954,6.611182470357049,0.8064848522621043
2027.0,3.4236997752264,39.17933837263513,21.33408230177298,1.8144175125635216,3.724894063670232,0.2649962423026412,18.06675154548736,3.33438799920303,29.24523891626588,50.80193895763831,0.6326933847001135,0.6173173905174634,68.69530355542499,28.24362898855784,125.36689130029924,75.26988816227285,18.12498507226854,17.10717104063844,3.3885435680865887,101.74978164120338,136.95411111270965,1e-06,0.5230656116211653,101.82158117825892,373.57319918491413,186.556825891906,22.741719131951072,105.65214034181083,48.91870841698697,49.6729825623094,22.98147483904335,28.431318539948084,188.54021742224185,14.433835694599203,1e-06,18.144946985775263,9.46125787311547,97.14156949515451,6.650518458057095,12.506972986989098,70.45910024990879,64.51547110152528,30.145000363380493,43.1112456085502,76.85922324023824,46.5378783275773,67.67918458568026,49.395348214052376,50.378604602027735,50.378604602027735,9.4194167473658,7.183114489753113,1.0573428268064229
2028.0,2.4046800630346894,40.477381439112186,23.962188983693466,1.9575737963211624,2.616112452125046,0.1923171651962635,17.713008229973997,3.4984277261419385,29.275804586507565,47.95046855082791,0.6024632910048044,0.5764447684366912,67.37074664937833,28.61170796548565,121.0837867176644,77.7493615692814,13.551480909950158,12.298646468970604,3.5562301210887552,94.2774342867521,137.77893267822532,9.999999999999995e-07,0.3673659947188432,103.9301307343569,381.309256651282,191.7332301449908,21.426264677012323,108.09988519454429,48.25979652393903,47.14080859902962,19.05084845243641,25.170319163346782,198.457878584596,12.201545596410632,9.999999999999995e-07,16.2058172258085,11.713328011884904,86.93824173463453,7.759237379605577,14.595044385802115,67.35660997535055,61.89137253497196,31.47135351224005,42.34685692454904,73.5359540202486,45.303141452863215,55.28033887572233,51.10057911712135,52.114986892915695,52.114986892915695,9.984495546276356,7.714153210563383,1.328287721785736
2029.0,1.6110990130024818,41.68629914696664,26.505450233781303,2.196637856750612,1.7525912892165838,0.1376677285770354,17.0479466154523,3.634687738028268,29.40845533992333,44.780176310942814,0.5762923310587045,0.5318603220218799,66.68160674942901,28.983413860064225,118.4030010472116,79.29586090785013,9.99249742065552,8.529830160294324,3.812667000416021,88.39816868009858,137.61281115420462,1e-06,0.2461068460714125,104.86083806850795,384.7239287895487,194.861858890881,20.593099305074016,110.08989970306185,47.95416307705108,44.93979933368349,16.113539853858338,22.28028218651402,205.858891761208,10.278796938910263,1e-06,14.430996060962467,14.0093231269489,78.3131959362226,8.988392843490479,16.720983635495177,64.89434948238036,59.84597999472045,32.760331481785855,41.881354859728994,70.86118036164291,44.51086626536578,45.4408594723332,52.52520498185415,53.56332093544315,53.56332093544315,10.525230612080264,8.205929224443418,1.6143759895952408
2030.0,1.0147814837480578,42.80872623548948,28.97055250962005,2.5358870912141365,1.103673018865254,0.0990687327497404,16.129273373143217,3.746314200209144,29.62787054201516,41.39019617868725,0.5554767250034492,0.484629627519211,66.55483539529689,29.355264009968216,117.14850885888713,80.02829691973845,7.320245563431914,5.672091520603188,4.134024478640105,83.90865747832282,136.5321008032835,1e-06,0.154983107147012,104.78935746496201,384.46167360319913,196.22848621424583,20.175700733382698,111.5934515331779,47.94472625824349,43.02184335314766,14.042208812732714,19.730743230661485,211.0561505467589,8.635588222899829,1e-06,12.812958512866224,16.28884637590244,71.09921324456276,10.298844011982586,18.865358542464552,62.99074490697448,58.30476055327692,34.00925834253415,41.6758389091247,68.7531965966545,44.100083384949926,37.86078433417069,53.69585726358617,54.75051964943977,54.75051964943977,11.036026724052151,8.660073123048786,1.910664082630136
2031.0,0.5875523338896976,43.8472974439717,31.364182268793208,2.979598897074005,0.6387000849914665,0.0745409780191617,15.014695174267723,3.836453278031689,29.918729558285065,37.87966209476541,0.5413126929806746,0.4358182611748665,66.91738412670185,29.72377575287224,117.14428472263717,80.06558034670576,5.406936297326629,3.596799955890789,4.496472828332717,80.60557333850481,134.61315588809782,1e-06,0.08968971941378,103.89134320796916,381.166949095718,196.1188861997546,20.107546679184907,112.58180835070668,48.17440424943662,41.33882924429877,12.709515098483129,17.49123791700084,214.36254853592976,7.241917949181071,1e-06,11.344179603148817,18.491500916340488,65.12907480429905,11.651450047352688,21.008736913106503,61.56422238510922,57.19318128314755,35.215458165001195,41.69140856777079,67.13029705751663,44.00982343148056,32.24015141989262,54.63916741765282,55.70349595473518,55.70349595473518,11.511288661466656,9.078215498035048,2.2122084532856183
2032.0,0.3012364220456825,44.80464751170428,33.693025968884314,3.532050671692485,0.3270149315156304,0.0621052646900827,13.761918690046771,3.908251136843029,30.265711754235063,34.34770799988151,0.5350964551320165,0.3864917992350279,67.6962044833638,30.08546642645092,118.21430320840804,79.52662193051142,4.124780581386948,2.1753248721507163,4.876182322065575,78.28558891772452,131.93233067128347,1e-06,0.0459216243398553,102.34244958177932,375.48421327059015,194.81883293207648,20.32211485972717,113.0262378214624,48.58611523255083,39.84264559401346,11.98811848053318,15.531301866743778,216.0909793234017,6.067784618555727,1e-06,10.017134353439284,20.556889905858004,60.23556176007562,13.007070111871569,23.131686553817307,60.53320805276086,56.43670925683853,36.37625501970321,41.88916333070191,65.91077607646254,44.179117024822624,28.27899868815681,55.38176689938948,56.44916277115907,56.44916277115907,11.945421203598418,9.461986941057775,2.514065553956886
2033.0,0.1276586068342946,45.68341117797823,35.96377006747687,4.197519812431842,0.1379600023581567,0.0597823930672868,12.42865059170133,3.9648539419902855,30.653496495367147,30.893467834739763,0.5381242315991104,0.3377158179458773,68.81824800500263,30.43685336837889,120.18253888614603,78.53033241291486,3.345989374660164,1.279035675376567,5.249323232410394,76.74537687306193,128.56597941547642,1e-06,0.0193737633933764,100.3183308706425,368.05792413130024,192.6141004958807,20.752882992256023,112.89800761125936,49.12277738950645,38.48518098916836,11.750678728306452,13.820470701101977,216.55433650385584,5.083186731825539,1e-06,8.824297785366685,22.424616502049965,56.25145525653651,14.326563367810008,25.21477527099322,59.81612804590569,55.96081154685604,37.48897297715645,42.23020269295269,65.01292798572554,44.54699478484101,25.677364097621105,55.95028716413154,57.01443301854106,57.01443301854106,12.332829129722064,9.81301804377253,2.811291837039135
2034.0,0.0386437468738139,46.48622318208453,38.183101022154425,4.980283716654345,0.0408777414394538,0.0655931634555572,11.07259755045235,4.009407858820587,31.06676314718333,27.61607554004439,0.551692242523592,0.2905558935535962,70.21046623133822,30.774453916330778,122.87296632579742,77.19562253567547,2.942773636193558,0.7793017715619278,5.592065831938889,75.78160986159702,124.59045638331256,1e-06,0.0057410780424819,97.9946413588087,359.5325396813332,189.7904629758366,21.33332879401801,112.16838538591183,49.727308902223854,37.218324016640125,11.86985561122654,12.328280041287112,216.0655136719733,4.258122789792243,1e-06,7.758144920560055,24.034283862511334,53.009536438325775,15.570788977438802,27.23857087103052,59.33140850052001,55.69095522570624,38.55093610787716,42.67562614955779,64.35504711753887,45.05248733140066,24.13528560694329,56.3713596672144,57.42621961671084,57.42621961671084,12.667917219112232,10.132939397834877,3.098943754927565
2035.0,0.0060167007825218,47.21571826331417,40.35770529050048,5.884619781722259,0.0051105926799317,0.0775583761596772,9.751466237520798,4.045059052681054,31.490191075185614,24.6146650564996,0.5770967080470975,0.2460776023043665,71.79981070209048,31.0947854079812,126.10956009730845,75.6414030405526,2.7873443250344203,0.5474925667003917,5.880580393222775,75.1909605404098,120.08211583742778,9.999999999999995e-07,0.0007185097553102,95.54703533052792,350.55251792417386,186.6336944566133,21.99692998225965,110.80863881123408,50.342627952623374,35.99396326330538,12.218308898717035,11.024265508510862,214.9374044224351,3.5625912932575776,9.999999999999995e-07,6.811150780648447,25.32549514483708,50.34258645008752,16.700606103028726,29.18364116032546,58.9974755525801,55.55260736589531,39.559468482381554,43.186533195551846,63.8554278041358,45.63462528436648,23.35280117478121,56.67161586397345,57.71143548549804,57.71143548549804,12.94509025104356,10.42338159490038,3.372077760017373
2036.0,0.0016023271786994,47.87453116095816,42.494269330098575,6.914805404997857,1e-06,0.0936988314844303,8.522963324127632,4.074953688918816,31.90845964487601,21.988370324809587,0.6156338483112623,0.20534652044437,73.51323295697931,31.3943651810048,129.71629477062544,73.9865846693057,2.751912400230038,0.4549774667855503,6.091037188833766,74.77010156658022,115.11731204045805,1e-06,1e-06,93.15116707005015,341.7623168633069,183.4295690228801,22.677164274227504,108.79003555304035,50.9116527226254,34.763987316040776,12.668698360201528,9.877962723984911,213.4829023499224,2.966590743023281,1e-06,5.975790387260908,26.23785350662218,48.0833864364658,17.676873906850574,31.030553945274328,58.73275533806226,55.471235039929454,40.51189417118591,43.72402332596949,63.43236437774963,46.2324392636034,23.02994875979268,56.87768720974408,57.89699354473233,57.89699354473233,13.158753004790684,10.685975226624606,3.6257503047037583
2037.0,0.0019201687305263,48.46580097156711,44.59935877788407,8.070297374237883,0.0003070573391306,0.1127141732314192,7.43568718921801,4.101749494525239,32.30886230923264,19.814620380036253,0.6680592831036993,0.1692004949950558,75.29025913740232,31.670911846628467,133.53454423543153,72.32991695975937,2.7300472937314355,0.3944277590217843,6.205286985612653,74.35158503083315,109.76897706004549,1e-06,1e-06,90.95398066035156,333.70105964476386,180.41461737504463,23.319733448587225,106.10253486154085,51.3883452221374,33.49144683095093,13.114828604687,8.865209919811525,211.96283727139584,2.4448476638646883,1e-06,5.246380980431824,26.727449265141683,46.09088316401867,18.470112898293817,32.76440354627896,58.47016656234737,55.38560763790019,41.40572254767919,44.254876743483294,63.01862125239562,46.79483081534704,22.91354963899165,57.01262864390665,58.00642915456461,58.00642915456461,13.30640476031304,10.92289569666047,3.8566179114596535
2038.0,0.0022685043057756,48.99468422073012,46.67905598819964,9.331270038776994,0.0024494587130452,0.1360194191895239,6.50180304263386,4.126150443068685,32.68914887113806,18.084024634672115,0.7329662307959285,0.1375664560789431,77.12071379146808,31.926949110288223,137.47527966035767,70.68950463399912,2.7007523291045947,0.3437222554566305,6.2279025274765125,73.91148075847273,104.09635418385736,9.999999999999995e-07,9.999999999999995e-07,88.9875793793133,326.48652998476257,177.6283966764678,23.919235529681025,102.81086232452896,51.770842773015495,32.18404074105236,13.535083599513996,7.987055771655301,210.4297838929343,1.991000676451513,9.999999999999995e-07,4.624608673816941,26.81632137639101,44.32868588695991,19.08948897522263,34.388390339763475,58.20059820843464,55.2877038202405,42.23920419674135,44.768596481317466,62.60484316921705,47.31018519131581,22.93755836281664,57.08518904202133,58.0497674364306,58.0497674364306,13.397922800309289,11.138497656650278,4.067737383068944
2039.0,0.0026402968221191,49.46684179129598,48.73932249473985,10.673077138344352,0.0082645481565278,0.1657084306444446,5.724367801941312,4.148372069761762,33.04968322095097,16.765487595567386,0.808407309405448,0.1101436045938185,79.0069960689629,32.166201950972365,141.4668715337718,69.06329121017583,2.664389302819236,0.302041649348415,6.169137052611504,73.46173800844808,98.15526450456711,1.0000000000000002e-06,1.0000000000000002e-06,87.25535630354271,320.1311767420678,175.06122070624912,24.482492603270284,98.99843511419418,52.06832652510298,30.860630048589613,13.928992151606462,7.250851566071432,208.88425314289643,1.6034164254270664,1.0000000000000002e-06,4.11400179947735,26.54299595604567,42.78656948141732,19.553829382619902,35.91024121615763,57.92943182872797,55.182804564968784,43.01077500612509,45.26036628033416,62.196144951139296,47.77675856959887,23.082712800062303,57.10054076369325,58.033655952087365,58.033655952087365,13.446278908162906,11.3376805702337,4.263765592393253
2040.0,0.0030285091972287,49.887934566113394,50.786119831199215,12.071072412669084,0.0195886697043623,0.2038750688818807,5.106438384706489,4.168629909817073,33.39082924903004,15.827913769572248,0.8924351369497537,0.0866311414374685,80.9515051196731,32.392395347669165,145.43769034404167,67.44922020644017,2.6213200113450768,0.2685666339554634,6.039243799203778,73.01430603970817,92.00152911484828,1e-06,1e-06,85.76070450964704,314.64744877544405,172.70340324348783,25.01632675511633,94.74867040272588,52.289977628243086,29.540075755807173,14.296083067888324,6.663948589615105,207.32675594964056,1.2804615554346572,1e-06,3.718088689474137,25.94599911978116,41.45430882351864,19.8819613654685,37.3376830658911,57.66204897563108,55.07619085010332,43.718870863583085,45.72536988139547,61.7976414210876,48.19280712828533,23.32975081952327,57.06385616852754,57.96474226329187,57.96474226329187,13.464444867257347,11.525343901050382,4.4493594122942
2041.0,0.0034261043487759,50.26362342803111,52.82540953127226,13.500609601480344,0.0382581673913328,0.252613195187532,4.651071708495518,4.187139498447226,33.71295084573398,15.240207663536914,0.9831023314463438,0.0667282675076798,82.95664009338495,32.60925427936692,149.3161065795352,65.84523514094299,2.571906251151838,0.2424779025361018,5.84847600543949,72.5811341112021,85.69096910737424,1e-06,1e-06,84.50701707423369,310.0477949436559,170.54525806728338,25.52756007098054,90.14498536231338,52.444977232279086,28.241238864949576,14.635885155283525,6.233698128841505,205.75780324152527,1.020502711117595,1e-06,3.440397675868392,25.063856983272977,40.32167878939163,20.09271216875129,38.67844277939363,57.40383120154789,54.97314365366248,44.361927656868026,46.15879102536357,61.41444740198734,48.556587045464326,23.6594102899942,56.98030761612935,57.84967393180112,57.84967393180112,13.465392460976089,11.706387112739987,4.629175715633407
2042.0,0.0038260451944325,50.59956925989789,54.86315312865353,14.93704244450728,0.0661093852522231,0.3140166708470984,4.361324690874528,4.204116370864828,34.016411901421456,14.971273784311572,1.0784615109127156,0.0501341837022387,85.0248001398848,32.82050372505394,153.03049072862024,64.24927953183501,2.5165098187092387,0.222956148348656,5.607086909504794,72.17417148187887,79.27940557481857,1e-06,1e-06,83.49768707390992,306.3446641054681,168.57709895673514,26.023014636624264,85.27079716514616,52.542506487054254,26.982980378261328,14.947927220716,5.967451470305824,204.1779059469092,0.8219065371191905,1e-06,3.2844570907212014,23.93509566219665,39.378454255164094,20.204909037451152,39.94024724709492,57.16016005888219,54.878943953664624,44.93838127373263,46.55581345310058,61.0516777167638,48.86635449922498,24.05242908026973,56.855067466103804,57.69509851937216,57.69509851937216,13.462093472702598,11.885709668942178,4.807871375272499
2043.0,0.0042212946518703,50.90143294456247,56.90531215703757,16.35572468147903,0.1049786673218173,0.3901793571462792,4.2402542494096425,4.2197760622824845,34.30157630645115,14.99001663874643,1.176565293366366,0.036548090918932,87.15838440895894,33.02986866371848,156.5092132796646,62.65929689726708,2.455492510487,0.209182064651452,5.325329749585846,71.80536741068757,72.82265960985471,1e-06,1e-06,82.73610758528312,303.55050511964527,166.78923969094248,26.509512537808856,80.20952298341359,52.59174654241186,25.784161297986937,15.23173807110969,5.87255990056325,202.58757499415063,0.6830396780827528,1e-06,3.253795266093653,22.59824127222768,38.61441009696377,20.23737921655096,41.13082335942469,56.936417100037815,54.7988727281281,45.44666760192957,46.91162090546864,60.7144471883423,49.12036566765645,24.48954505914452,56.69330807805603,57.50766358776195,57.50766358776195,13.467519685820337,12.068211033296611,4.990103264073094
2044.0,0.004604815638761,51.1748753648736,58.957848150118885,17.732010052124735,0.1567023576348993,0.4831951153707746,4.290917301666988,4.234334107912802,34.56880795118177,15.26534073369168,1.2754662968247916,0.0256691900555462,89.35979205039364,33.241074074348866,159.6806447210363,61.073230755389936,2.3892161229548385,0.2003363447028156,5.013457763868798,71.48667115657719,66.37655230515617,9.999999999999995e-07,9.999999999999995e-07,82.22567168496056,301.6777668449518,165.17199404900478,26.993875860295667,75.044579989305,52.60187854819516,24.663642626370937,15.486846513388532,5.956374706168969,200.9873213116082,0.602268778651592,9.999999999999995e-07,3.351940534046836,21.091819929041563,38.019321190918426,20.208949951033578,42.257898006812646,56.73798387741858,54.73821095507125,45.88522252921153,47.22139712332987,60.40787063964815,49.316876728847845,24.95149609541321,56.50020181159117,57.2940166987275,57.2940166987275,13.494642883712771,12.258790669442948,5.180528254896816
2045.0,0.0049695710727763,51.42555740368002,61.02672264159201,19.04125229617354,0.2231168002262529,0.5951578068062835,4.51637076521269,4.248006042968387,34.818470725971984,15.766150575997518,1.3732171393054904,0.0171966820098679,91.63142221397524,33.45784493593335,162.473155541103,59.48902462435437,2.3180424525824765,0.1955996817610727,4.681724190539806,71.2300319784968,59.9969047533964,9.999999999999995e-07,9.999999999999995e-07,81.9697724495496,300.73889814015246,163.71567581002137,27.482926689846057,69.85938535500986,52.582083654247405,23.640285365657828,15.71278135447646,6.226247173678167,199.37765582764044,0.5779604834690182,9.999999999999995e-07,3.5824212266418365,19.45435774831382,37.58296241315583,20.13844848588188,43.32919807968853,56.57024194342832,54.70223961251241,46.25248194333121,47.480325847546425,60.137062893606654,49.45414386088829,25.41902005787044,56.280921026314346,57.06080541402584,57.06080541402584,13.556434849763376,12.46234804102084,5.383803220605286
2046.0,0.0053085238715879,51.65913994383048,63.1178971651515,20.2588051533546,0.3060583391306626,0.7281612927385067,4.919671557612876,4.261007402661846,35.05092852118048,16.461350672514147,1.4678704388259598,0.0108297676796835,93.97567404949004,33.683906227460255,164.8151162282327,57.904622022311145,2.2423332958396327,0.1941527690845494,4.340382267785023,71.04739913539548,53.7395380472489,9.999999999999995e-07,9.999999999999995e-07,81.97180295565755,300.74634786401197,162.4105987530917,27.983487112221383,64.7373562527175,52.541543010411885,22.73295051809213,15.909071401297412,6.689528589646038,197.7590894706057,0.608481437178341,9.999999999999995e-07,3.948765675939746,17.724380845719942,37.29510863980375,20.04470206607875,44.352450468482026,56.43857285047088,54.69623967846994,46.54688173204132,47.683590818980434,59.90713877314315,49.53042324186693,25.87285481531088,56.0406380818307,56.81467729541395,56.81467729541395,13.665867367355617,12.683782611669956,5.604585034060127
2047.0,0.0056146369528676,51.881283868173725,65.23733325449189,21.360022363397054,0.4073633183829119,0.8842994344531432,5.503876596433672,4.273553722205787,35.26654522716595,17.319845530091772,1.5574788134036968,0.0062676479627798,96.39494670672435,33.92298292791786,166.63489727079323,56.31796646741107,2.1624504491960272,0.1951762999315714,3.9996852337906015,70.95072188622223,47.66027327938714,1e-06,1e-06,82.23515627989174,301.7125648752948,161.2470766573151,28.502379213183,59.76190985461732,52.48943776653186,21.960499085918364,16.07524546077533,7.353570240627766,196.13213316886268,0.6921982844228702,1e-06,4.454502214001648,15.94041533693544,37.145534746989945,19.946537936607047,45.33538206362288,56.348358150950055,54.7254921309622,46.76685778309453,47.82637577849403,59.72321310118296,49.5439710498729,26.29373823652916,55.78452533774538,56.56227990464885,56.56227990464885,13.835912219872954,12.92799384502995,5.847530568122962
2048.0,0.0058808732342871,52.0976500595585,67.3909924433077,22.32025766603005,0.5288680820177851,1.0656660932358932,6.272042799241206,4.285860536812815,35.46568473428707,18.310539655580584,1.6400948810561988,0.0032095237569432,98.8916393354645,34.17880001629445,167.86086915715242,54.7270014778049,2.0787557091213777,0.1978509675604646,3.6698863267427018,70.95194948992611,41.814931542484615,1.0000000000000002e-06,1.0000000000000002e-06,82.76322549885951,303.64999803276567,160.21542330179096,29.04642507849227,55.01646333289871,52.4349490724506,21.34179207138104,16.210832339834155,8.22572341317854,194.4972978507698,0.8274776698459159,1.0000000000000002e-06,5.103159172888635,14.140987337635826,37.12401561084219,19.862783342449653,46.2857197555408,56.304979397269705,54.79527794800751,46.91084598424354,47.90386446694935,59.59040070065137,49.49304346299532,26.66240819031993,55.51775515366349,56.31026080348752,56.31026080348752,14.079541190698864,13.199881204740484,6.11729669565541
2049.0,0.0061001956335182,52.313899400833535,69.58483626529345,23.114864800982723,0.672408974070066,1.2743551303724563,7.2272270836016,4.298143381695535,35.64871093290253,19.40233755583078,1.7137712598009625,0.0013545959599604,101.46815108549671,34.455082471578315,168.42140237567816,53.129670571643416,1.991610872085406,0.201357465229555,3.361238784827472,71.06303120545614,36.259333929214776,1e-06,1e-06,83.55940368916814,306.57109619518894,159.30595246561862,29.62244679391053,50.58443385975105,52.38725807801134,20.895690476724663,16.31536084539781,9.31333939385355,192.8550944446855,1.0126862380907875,1e-06,5.898264884661792,12.364622963496595,37.22032610748824,19.812265528589435,47.21119043466548,56.31381814183362,54.91087810762423,46.97728222324103,47.91124062520852,59.51381639447371,49.37589665932332,26.95960254547784,55.245499889190185,56.06526755368698,56.06526755368698,14.40972606321681,13.504344154441217,6.418540289519093
2050.0,0.0062655670682325,52.5356927748476,71.82482625414369,23.719197507984223,0.839822338574538,1.5124604071485308,8.37248636708098,4.310617792066556,35.815987713371015,20.56414373769256,1.7765605676554852,0.0004020654696179,104.1268811066074,34.75555527275775,168.24486741473828,51.523917267077415,1.901377734557831,0.2048764861971685,3.083995846231071,71.2959162917614,31.049301532251167,1.0000000000000002e-06,1.0000000000000002e-06,84.62708392742498,310.4883082213295,158.5089779278975,30.23726644519915,46.549238607363776,52.355545933057385,20.64105530419376,16.388359784390243,10.623769469207977,191.2060338789684,1.2461906338007944,1.0000000000000002e-06,6.843347681382205,10.64984833019327,37.42424111305587,19.813811740009264,48.119520991426654,56.38025593704568,55.07757358783071,46.964602387839705,47.84368799413368,59.49857500557529,49.19078681694603,27.16605917079753,54.97293190393059,55.83394771700424,55.83394771700424,14.839438620810256,13.8462821577718,6.755918222575634
2051.0,0.0063699504561018,52.76869106444943,74.11692394355295,24.108609526763697,1.032944519565986,1.7820757848498188,9.710877567245475,4.323499303138482,35.9678789660512,21.76486270801612,1.8265154226372649,5.113318370223877e-05,106.87022854858276,35.08394339882105,167.2596347627007,49.90768508225765,1.8084180930083715,0.2075887237216309,2.848410749139649,71.6625540077909,26.240655444267208,1.0000000000000002e-06,1.0000000000000002e-06,85.96965929023735,315.4140829699518,157.8148134677269,30.897706118119483,42.994294747926205,52.348993787431965,20.59674755603284,16.429357963735388,12.164364925797017,189.55062708197687,1.5263575016192474,1.0000000000000002e-06,7.941935895110966,9.035189553401338,37.72553550367284,19.88624922169201,49.018438316254034,56.50967433530965,55.30064536664529,46.87124236579225,47.69639031458698,59.54979135688141,48.93597011395258,27.26251593507365,54.70522355748984,55.622948855196285,55.622948855196285,15.38165064686267,14.2305946783719,7.134087367686655
2052.0,0.0064063087147979,53.01855515248775,76.46709086721575,24.25845459705028,1.253611861079194,2.085295124762019,11.245457601661212,4.33700345012392,36.10474858130179,22.973398973651666,1.8616884427637967,1e-06,109.70059256120916,35.44397182875649,165.39407490793317,48.27891753533491,1.713093743906747,0.2086748710612681,2.664736731739361,72.1748936124937,21.889216757936385,1e-06,1e-06,87.59052285421258,321.3608692998205,157.21377286420625,31.610587898432875,40.00301945362776,52.37678279097836,20.781628234486416,16.43788419035718,13.942477050175851,187.88938498206952,1.8515534861894565,1e-06,9.197557857909164,7.5591727487963105,38.1139841554669,20.04840521862056,49.91566929957733,56.707454889029385,55.585374422086325,46.69563804485134,47.46453132743052,59.6725802713174,48.60970272843209,27.229710707100857,54.44754720947305,55.43891853002013,55.43891853002013,16.049333924757526,14.662181179881172,7.557704597713776
2053.0,0.0063699504561018,53.28749597997735,78.87523629269613,24.152413791256475,1.5038317482834966,2.422679127964192,12.97468268288317,4.351299047486755,36.22743278226677,24.163459522788187,1.8806652096369,1e-06,112.61363280414812,35.83792500470253,162.6108412853892,46.63694294522167,1.615800231166549,0.2074903819249951,2.540461746419992,72.83697049521518,18.036195298923364,8.076921530274262e-05,1e-06,89.48386818970663,328.30736400121464,156.69548518506446,32.38002561129708,37.64076452232827,52.44542025499297,21.20735566190873,16.41553293711075,15.958666431387217,186.2221644580122,2.219345375090096,0.0003218284724226,10.609447033952156,6.252111011779558,38.57968872553241,20.31383534203138,50.81661921786071,56.97672962845145,55.93485624378688,46.4379179809675,47.14557786763772,59.86983537656724,48.21189208890816,27.05372271555478,54.20289914016495,55.28555122865726,55.28555122865726,16.849764438547975,15.14364593569287,8.029516958729324
2054.0,0.0062655670682325,53.56392472059704,81.31706042303601,23.80747751252815,1.7862957308864322,2.788655854708848,14.878606203421734,4.366368026695973,36.33865712323136,25.32796126896984,1.884163159195658,1e-06,115.57805097656193,36.26232522139821,159.00971911636407,44.986628833877006,1.5170680884768482,0.2040897518240821,2.472012602385829,73.62116456688587,14.66435582485738,0.0006391537224219,1e-06,91.60709084206998,336.0972555904705,156.2468406525482,33.19930003945534,35.90062025456933,52.55071813658461,21.856777441092905,16.37216134057595,18.186330868423976,184.5462061902001,2.624100527641301,0.002567627779381,12.1596574158724,5.111465356655878,39.11405799482986,20.67500866817537,51.717406891706055,57.31163249519327,56.3434443678389,46.104981402882274,46.74612914662692,60.13556551934951,47.74905062564204,26.741996628635,53.96557131256845,55.15472913998708,55.15472913998708,17.767434974965933,15.668412458214576,8.544632189648425
2055.0,0.0061001956335182,53.83280260619162,83.76221119514675,23.24896349669452,2.103866399730088,3.176120205041852,16.932680850776137,4.382145598471839,36.44161949126608,26.46462360707956,1.8734326909634773,1e-06,118.5558092874881,36.71225423673276,154.72477656873886,43.3342275240217,1.4174615969705864,0.1987022367203885,2.4530508230447903,74.49194186883258,11.741851826358843,0.002154768813174,1e-06,93.9083868504017,344.5404805154388,155.85404477753377,34.05898370504727,34.75761157656297,52.68581455431525,22.705538494941727,16.319692203263827,20.59207746276652,182.8580968094357,3.059386446098569,0.0086633687554109,13.825948128416602,4.126483777455931,39.70882752528635,21.11912263955702,52.6118295277497,57.70404790871493,56.80330684194902,45.70542020753507,46.27506746992772,60.46155835114145,47.22934201932946,26.30731847442207,53.72767961036603,55.03538137831345,55.03538137831345,18.781142521413,16.22760906960746,9.096248202596904
2056.0,0.0058808732342871,54.07909086860597,86.18033654593985,22.5021894795848,2.4594063456565567,3.5779670790090794,19.11235931244564,4.398566973534618,36.539517773441474,27.571165932000323,1.849724204463764,1e-06,121.5088699459642,37.18279380859537,149.89008181039435,41.68599133837653,1.3175450377807056,0.1915570925757735,2.477237931804794,75.4137684423823,9.236836794048132,0.0051062297793755,1e-06,96.33595225380095,353.4469752239703,155.50330307089743,34.94964913021253,34.18676341452124,52.84384762674684,23.72928374635807,16.27004832768543,23.142513315895297,181.1544229465217,3.5187706327174064,0.0205340222350482,15.586078296331516,3.286414268210367,40.35573287882895,21.633374698680843,53.49368433262799,58.14586028847664,57.306611713823926,45.24782629186526,45.74127514306974,60.83960152342033,46.66092995066612,25.76247428099657,53.48133991724019,54.91643705794029,54.91643705794029,19.869684065290787,16.812364092032713,9.677562909700594
2057.0,0.0056146369528676,54.28775073968487,88.54108441232668,21.592473197028216,2.855778159507925,3.9870913766563967,21.393094275929453,4.415567362604575,36.635549856828064,28.64530763861506,1.8142880992199224,1e-06,124.3991951610277,37.66902569487527,144.63970300921156,40.04817259966229,1.2178826920401475,0.1828835753520965,2.5382354520737564,76.35111032886182,7.117464218545671,0.0099721519128428,1e-06,98.83798309136681,362.62667616391565,155.18082104351544,35.86186883709072,34.16310069465616,53.01795547244135,24.90365811824476,16.235152516351793,25.80424552929068,179.4317712322606,3.995820589753308,0.0401045590528285,17.417807044363844,2.580504822949849,41.04650961738477,22.20496228805133,54.35676851297724,58.62895405393851,57.84552703117026,44.74079155281223,45.15363447158258,61.261482687663374,46.05197810034776,25.12025007643907,53.218668116873424,54.78682529317146,54.78682529317146,21.01185659400089,17.4138058476515,10.281774223085325
2058.0,0.0053085238715879,54.44374345127319,90.81410273121864,20.54513238485398,3.295844432126284,4.396387998029675,23.75033842872684,4.433081976401973,36.7329136284964,29.68476812180673,1.768374774755358,9.999999999999995e-07,127.18874714171618,38.16603165346166,139.10770833307134,38.42702363059973,1.1190388408818546,0.1729109410112168,2.6297049072595966,77.268433569598,5.351887590471851,0.0172311505053923,9.999999999999995e-07,101.36267540219838,371.8895197831256,154.87280420626405,36.78621534782148,34.66164834317978,53.20127620996073,26.2043065335046,16.22692757177397,28.5438812044331,177.6867282974549,4.484103819461776,0.0692999500432878,19.29889349726033,1.9980034357050365,41.772893302880846,22.821082850173,55.1948792754338,59.14521362456068,58.41222084169468,44.19290788731534,44.52102776099584,61.71898949534784,45.41065014907009,24.39343188883014,52.93178009294821,54.63547519831084,54.63547519831084,22.18645709494492,18.023062658625,10.90208005487692
2059.0,0.0049695710727763,54.53203023521575,92.96903943952718,19.385484778891325,3.782467754353722,4.798751843174784,26.15954445833704,4.451046025647081,36.83480697551698,30.68726677645829,1.7132346305934767,1e-06,129.8394880970672,38.66889344224376,133.42816594985467,36.82879675390966,1.021577765438769,0.1618684455149937,2.745307820770232,78.13020420591776,3.9082604004470816,0.0273618408488406,1e-06,103.85822522539479,381.04544252945095,154.5654580700196,37.71326118454446,35.65743128630414,53.38694795786696,27.606873915040445,16.25729629646301,31.32802744280296,175.9158807729072,4.977187824098312,0.1100451660409616,21.20709677976769,1.5281581005065858,42.52661949724431,23.46893382755033,56.001813826634006,59.68652341980332,58.99886119310384,43.61276719231402,43.85233731683915,62.20390959795101,44.74510977752883,23.59480574625034,52.612791729147055,54.451315887662325,54.451315887662325,23.372282555524475,18.63126284711439,11.53167831720122
2060.0,0.004604815638761,54.53757232335737,94.97554247416365,18.13884811496945,4.318510717032326,5.18707781213759,28.59616505225927,4.469394721060158,36.944427784960354,31.65052299745267,1.6501180662576826,9.999999999999995e-07,132.31338023611812,39.172692819110765,127.73514402744246,35.259744292312824,0.926063746843832,0.1499853448252865,2.8787057160135783,78.9008882791479,2.754736139091768,0.040842838235004,9.999999999999995e-07,106.2728286000551,389.90438085074214,154.24498814565814,38.63357886939925,37.12547445024124,53.568108834721954,29.087005185755107,16.338181492929944,34.123291345880645,174.11581528942003,5.468640105918408,0.1642651778803857,23.12017601663264,1.1602168113851568,43.2994237624022,24.13571266268784,56.77136937321416,60.24476785912652,59.5976161331044,43.008961364747606,43.15644544464208,62.70803064695006,44.06352066641968,22.73715767678023,52.253818909152415,54.22327647552978,54.22327647552978,24.54812996314115,19.22953473528084,12.163766922184037
2061.0,0.0042212946518703,54.4453309475429,96.80325977203952,16.83054012891758,4.906835911004192,5.55426080496397,31.035652897992808,4.4880632733614725,37.06497394389705,32.57225617967285,1.580275481271382,1e-06,134.57238576790664,39.67251154195191,122.16271073371564,33.72611856853002,0.8330610662299858,0.1374908949039544,3.0235601163975563,79.54495183061536,1.859468297026299,0.0581527579556992,1e-06,108.55468156527851,398.2762711948503,153.89759994405614,39.53774092452554,39.04080276120318,53.73789695908771,30.620345268551443,16.481505963685834,36.896280015146615,172.28311847779597,5.952028167177578,0.2338849563960965,25.01589033260192,0.8834275623714041,44.08304166028164,24.80861679809002,57.49734312181063,60.811831361990485,60.20065370940303,42.39008230155549,42.44223444993426,63.22314029382231,43.374046496438375,21.8332737085004,51.84697751664682,53.94028607621711,53.94028607621711,25.692796305196584,19.80900664528553,12.791543781951216
2062.0,0.0038260451944325,54.24026733961715,98.42183927006616,15.485878556564938,5.5503059271114,5.893195721699786,33.45346068303685,4.506986893271288,37.1996433393976,33.45018571800175,1.50495727515798,1e-06,136.5784669014702,40.163431368656376,116.84493423655516,32.234171905282025,0.7431340047301727,0.1246143517128569,3.17353254533008,80.02686090164696,1.1906103648710915,0.0797702153027424,1e-06,110.65198016016404,405.97105000962586,153.5094989760898,40.41631987206289,41.378441145401936,53.889450449526166,32.182539086332255,16.69919251124171,39.61360055208122,170.41437696883762,6.42091951013131,0.3208294724226286,26.87199885242224,0.6870383474959897,44.86920875280966,25.474843676261376,58.173532279059735,61.379598347855314,60.80014196970636,41.76472189967706,41.71858663824529,63.74102619004497,42.68485094828062,20.8959398694914,51.384383435312735,53.59127380402819,53.59127380402819,26.78507856909233,20.36080689928964,13.408206808628572
2063.0,0.0034261043487759,53.90734273142496,99.800928905155,14.130181133740743,6.251783356196043,6.196777462390911,35.825041094890665,4.526100791509869,37.35163385853253,34.282031007322324,1.4254138474408815,1e-06,138.29358584584628,40.64053405711339,111.91588270384187,30.7901566252896,0.6568468434773344,0.1115849712138532,3.322284526219069,80.31108153356955,0.7163158332465402,0.10617382556795,1e-06,112.51292042381083,412.79865374291956,153.06689075263526,41.25988823415098,44.11341452904958,54.01590742459928,33.74923156200039,17.003163938108624,42.2418600581649,168.5061773933474,6.868881637035108,0.4270236967945183,28.666260700840333,0.5602971607895695,45.64966060191339,26.1215907397064,58.7937340515978,61.939953236181154,61.38824896172107,41.14147205605169,40.99438431510479,64.25347598709529,42.00409770264215,19.937942187833794,50.858152548832656,53.16516877326689,53.16516877326689,27.803773742230035,20.87606381945434,14.00695391434194
2064.0,0.0030285091972287,53.43151835481117,100.9101766142175,12.788765596274198,7.01413078910022,6.45790092708322,38.12584682105351,4.545340178797482,37.52414338837237,35.06551144251755,1.3428955976434922,1.0000000000000002e-06,139.67970481007256,41.098901365212186,107.5096243034568,29.400325051273537,0.5747638636044125,0.0986320093688025,3.463477582472442,80.36207976771007,0.4047381927730458,0.1378422040431389,1.0000000000000002e-06,114.08569839531802,418.5690188425823,152.55598078456893,42.05901853292943,47.22074783835815,54.11040600286904,35.296067618458686,17.405343046797626,44.74766563487809,166.55510638212803,7.28948205014448,0.5543926003463026,30.37643500260295,0.4924519962828014,46.41613276951991,26.736055430929625,59.3517456460612,62.48478044642819,61.95714273315383,40.52892466761877,40.27850978604235,64.75227733645055,41.33995044021867,18.97206669160817,50.26040074088908,52.65090009823712,52.65090009823712,28.72767881201129,21.34590572794082,14.58098301121716
2065.0,0.0026402968221191,52.7977554416206,101.71923033416496,11.486949679994538,7.840210816666,6.669461015822571,40.33133054902456,4.564640265854388,37.72036981598763,35.798346418470345,1.258652925289217,1e-06,140.69878600318637,41.53361505084193,103.76022720328072,28.0709295059546,0.4974493462443495,0.0859847221395643,3.5907732374981127,80.1443216453953,0.2240309340710161,0.175253966020125,1e-06,115.31851011378463,423.0920817564644,151.96297458276698,42.80428329053784,50.67546599953965,54.16608430289735,36.79869217860994,17.917652639819742,47.09762438370112,164.55775056598188,7.676288251714911,0.7048611539125148,31.98028088245676,0.4727508480063448,47.160360817556246,27.3054351924355,59.8413642690862,63.00596439805648,62.49899133171123,39.93567163131765,39.57984535658756,65.22921788958793,40.70057284170588,18.011099408895063,49.58324389516447,52.03739689324273,52.03739689324273,29.53559076583768,21.76146094691023,15.12349201138004
2066.0,0.0022685043057756,51.99101522369805,102.19773800190887,10.250051120730973,8.732886029735493,6.824352628654842,42.41694496630312,4.583936263400854,37.94351102844888,36.47825533006368,1.1739362299014606,9.999999999999995e-07,141.31279163422536,41.93975687189186,100.80175957119472,26.80822231205357,0.4254675725300868,0.0738723654879977,3.6978330147040017,79.62227320795215,0.1423475477608502,0.2188877267907253,9.999999999999995e-07,116.15955161830983,426.1777789324169,151.27407765810568,43.48625502911589,54.45259393880616,54.1760804432462,38.23275016535702,18.55201551968604,49.25834340611447,162.51069657571165,8.022867744001912,0.8803543283276934,33.45555746514853,0.4904417099908573,47.874080307949534,27.81692746672856,60.256387127309175,63.495389510526245,63.005962805100005,39.37030484408776,38.90727333227005,65.67608529798474,40.09412858779952,17.067826367775066,48.818797895341326,51.31358827258761,51.31358827258761,30.206306591110827,22.113857798523764,15.627678826956425
2067.0,0.0019201687305263,50.99625893288842,102.31534755436066,9.103387654312726,9.695019019150772,6.915470665625904,44.35814276038841,4.603163382157145,38.19676491282663,37.10295757218049,1.08999591100363,1e-06,141.48368391222706,42.31240858625119,98.76828957507963,25.618455792291247,0.3593828235945672,0.0625241953759622,3.7783184374980254,78.76040049670752,0.1278415244629517,0.2692221016467556,1e-06,116.55701894799274,427.6360468182906,150.4754955214613,44.09550627080317,58.527156582369685,54.13353254247757,39.57388650160273,19.320354488907547,51.19642980359853,160.41053104211989,8.32278802926098,1.0827970944263718,34.78002387542498,0.5347725762669968,48.549026802626855,28.2577296963133,60.59061142736646,63.944940203297605,63.47022520102678,38.84141620286845,38.26967601861944,66.08466721311822,39.5287813591953,16.15503359632875,47.959178625102176,50.46840335057567,50.46840335057567,30.718623275232343,22.3942246049426,16.086741370072136
2068.0,0.0016023271786994,49.79844780103648,102.04170692843164,8.072277016569007,10.72947237575394,6.935710026781618,46.13037661877966,4.622256832843525,38.48332935619139,37.67017253970374,1.0080823681191284,1e-06,141.17342504622889,42.64665195180911,97.7938853828164,24.50788226938837,0.2997593805707318,0.052169467765317,3.825891029288103,77.5231695529882,0.1486663547977227,0.3267357058800332,1e-06,116.45910814193245,427.2768218619359,149.55343368371007,44.62260953773932,62.874178856442285,54.031578719153366,40.79774611024992,20.23459234999532,52.878490677633685,158.25384059600904,8.569616609747616,1.314114423043088,35.93143923803282,0.594991440865422,49.17693586351525,28.615039323694216,60.83783437589437,64.34650089583067,63.883946567198194,38.357597604599086,37.67593572116529,66.4467512864656,39.01269483658893,15.28550712263666,46.99650196812944,49.49077124151074,49.49077124151074,31.0513378056038,22.5936896883279,16.493877552853004
2069.0,0.0013204529365504,48.3895640200298,101.35800028341914,7.17612197113556,11.834885567851542,6.881098693613237,47.71496978451022,4.641166895661567,38.80326472148966,38.17906416581674,0.9296913385816732,6.847067218462151e-05,140.35513291498432,42.9377982991124,97.96054262308984,23.481491887535864,0.2487261409843608,0.0448305755625992,3.836136339837911,75.8897047073934,0.1781562475646048,0.3918959379232815,0.0002507189835282,115.83798952976916,424.99799978577005,148.49809293973254,45.06113885361926,67.4606187478766,53.86585486466298,41.885849432414034,21.301841415114065,54.28035522976397,156.0392487215045,8.761603166201356,1.576055845950998,36.89416677328358,0.6618979323915077,49.75189505283662,28.88098891841604,60.9940963895212,64.6935992327151,64.24080632534924,37.9251623292391,37.13279509727218,66.75579094830778,38.55175718990798,14.469641515854184,45.9267323629323,48.37452383602172,48.37452383602172,31.189962380129085,22.70638060363528,16.844334470566952
2070.0,0.0010737641060428,46.78967362192667,100.29155666816348,6.410665392874151,12.993005573608036,6.760196973393486,49.11672772274988,4.659904128738081,39.14408127517165,38.63457453690425,0.857299910966217,0.0005407653774769,139.04654807610984,43.18207724933805,99.14196676780016,22.539226076805075,0.2146704679325835,0.0497024594530566,3.812336024334171,73.8977634476114,0.2103682842791991,0.4651253287728574,0.0019987518682261,114.76173060330765,421.04931341047546,147.31565522042592,45.41667424835899,72.22116648608787,53.64198796170522,42.843218982061096,22.50997203504313,55.41474106178774,153.77352631602238,8.915726093297872,1.8696691386777544,37.67898608374794,0.7324982177495003,50.27739993399184,29.06745155818434,61.06441072484298,64.98633575905842,64.54052939332804,37.5413091888279,36.63843821164436,67.01190274414009,38.14275454600731,13.708265509435888,44.76122846732629,47.133104130037104,47.133104130037104,31.146870038721023,22.73842183699804,17.141555951050297
2071.0,0.000859914993067,45.02586359882806,98.88124135389069,5.765735184453059,14.181356248652351,6.58469825484047,50.34632645420254,4.678494159681179,39.490151759563496,39.04309027765144,0.7936305116580238,0.0018227081489847,137.27656675693777,43.37594799632058,101.15979074965148,21.679764088737485,0.2075443409053668,0.0777731970666155,3.759695764319362,71.59976155060262,0.2445402646361465,0.5468351925660261,0.0067434125552632,113.32237314489373,415.7684548313006,146.0162977406917,45.697797253429805,77.08244536113199,53.36810276580631,43.68075279136975,23.842044070215582,56.30358787556696,151.46548113030153,9.05364596419688,2.1958266376896343,38.30328086756138,0.805350098418364,50.75929807067662,29.19123544774495,61.05603384844766,65.22645424509757,64.78435206301101,37.20095837842493,36.188909480821,67.21686899826162,37.78019752097366,12.99981637791113,43.51519749395364,45.78485789581041,45.78485789581041,30.94114903179469,22.698937107343912,17.391035005281434
2072.0,0.0006765599035138,43.12522094283501,97.16591961182708,5.231159248540585,15.37746144861339,6.366295926672296,51.41444199957209,4.696962616098981,39.82584891699136,39.4109980127434,0.7414055670423588,0.0043191230198158,135.0740851848006,43.51586973389458,103.83564750134796,20.90178517487457,0.2372997393926781,0.140030866033201,3.6834212413359695,69.04811479332773,0.2799099883300869,0.6374368434400502,0.015983014945809,111.61195893687331,409.49311614349443,144.61019771543147,45.913089400302994,81.97107866306476,53.052324032492514,44.40934889251864,25.28111738106443,56.9688353729636,149.12392091508087,9.197023352058093,2.555400679452906,38.78443482285936,0.8790113758770609,51.203437026586656,29.269148791843666,60.97622222692328,65.4156984610696,64.97351062627466,36.89903009308966,35.7802533213413,67.37247203497134,37.45859673089373,12.342731395809308,42.20384665545656,44.34813090559517,44.34813090559517,30.59188760976522,22.59705013360065,17.598264644238775
2073.0,0.0005213531432736,41.11483264604851,95.18445671319868,4.796765487805004,16.558845029120093,6.116683377607068,52.33175037956244,4.715335125599602,40.13554548978141,39.744684366865314,0.7033475035044853,0.0084348340230777,132.46799958703068,43.598301655894566,106.99116995559363,20.203968586757817,0.3138886428844853,0.2474635439827403,3.5887181369264747,66.29523895274721,0.3157152550556617,0.7373415955321959,0.0312158729410334,109.72252976159218,402.5609894423056,143.10753235954672,46.071132220449854,86.81368968194211,52.70277651729003,45.0399053176864,26.81025182802272,57.432423255839645,146.75765342109932,9.367518830041226,2.949263600433851,39.139831647777385,0.952039851604556,51.61566436541762,29.317999795226307,60.832232326857806,65.55581217721148,65.10924137499536,36.63044452788152,35.40851414974447,67.48049417856828,37.17246279185428,11.735447837659777,40.84238316447727,42.84126893164487,42.84126893164487,30.118174023047672,22.441884634695977,17.768737878900723
2074.0,0.0003919490182371,39.02178570056957,92.97571792923172,4.452381804914611,17.703030845801354,5.8475539963628895,53.10892761487747,4.733637315791157,40.403614220259776,40.05053596470229,0.6821787474296676,0.0145746651918783,129.4872061909603,43.61970295615507,110.44799104509264,19.584993575928703,0.4472630308707539,0.411059308545157,3.4807921326333564,63.39354980582164,0.3511938645075106,0.8469607629797257,0.0539403004421056,107.74612740139624,395.3097668229826,141.51847888793884,46.18050724534166,91.53690170781977,52.3275849757251,45.58332009905168,28.41250727152345,57.71629122605703,144.37548639909568,9.58679297130598,3.378287737098736,39.3868550404509,1.0229933270798113,52.00182765086521,29.35459666263868,60.63132061483918,65.64853916376019,65.1927806010496,36.39012187785994,35.06973638256967,67.54271775335141,36.91630631994198,11.176402977991918,39.44601423365797,41.282617746213006,41.282617746213006,29.53909652205714,22.242564329557627,17.907947720245684
2075.0,0.0002860018342949,36.8731670984992,90.57856853115229,4.187836102537688,18.78754275428612,5.570601171657864,53.75664972622107,4.751894814281763,40.61442785075263,40.33493943093947,0.6806217252031694,0.0231434405593253,126.16060122392194,43.57653282851065,114.02774370254907,19.043539393928704,0.647374882841452,0.641806237350378,3.364848909999097,60.39546312951151,0.3855836163802748,0.9667056599199052,0.0856546113501955,105.7747936386313,388.0771403807743,139.85321451550945,46.24979600644971,96.06733803075372,51.93487416332394,46.05049126879312,30.070943571999685,57.842378985477744,141.9862275998088,9.876506349012075,3.843345425913839,39.5428886990154,1.090429603781791,52.36777444662509,29.39574759882658,60.38074355745541,65.69562319095274,65.22536459631378,36.1729823380844,34.75996443635612,67.5609250836198,36.68463793124358,10.6640340913351,38.02994707564086,39.69052312155309,39.69052312155309,28.873743357208728,22.00821293711334,18.02138717925206
2076.0,0.0002011658973374,34.69606383193833,88.03187379018651,3.992956283342521,19.789904610203298,5.297518292210095,54.28559273429716,4.770133248679537,40.7523591235861,40.604281390262,0.7013988632102556,0.0345459841585265,122.51708091324788,43.46525046679585,117.55206086066708,18.57828529229929,0.9241761782865486,0.9506924080283312,3.246094150566178,57.353394700777365,0.4181223103685948,1.096987600489999,0.1278571195664728,103.90057025564322,381.2008022109294,138.12191645715998,46.28758003524528,100.3316219407998,51.53276883561277,46.45231685908937,31.76862058988445,57.832626235963744,139.59868477397765,10.25831953631923,4.345309003345437,39.62531632160635,1.1529064831894598,52.71935231639296,29.45826080853584,60.087757621294486,65.69880802902614,65.20822965266436,35.97394610361432,34.47524272764299,67.53689849367242,36.47196824184578,10.196778452218693,36.60938890306816,38.083330829918616,38.083330829918616,28.141202778917503,21.747954176290843,18.11454926689826
2077.0,0.0001350955132553,32.51756289298806,85.37449897756063,3.8575702499973983,20.687640269181813,5.039998746737692,54.70643265980962,4.788378246592593,40.80178078108638,40.86494846735499,0.7472325878361894,0.0491871200225895,118.5855414862706,43.28231506484521,120.84257545215074,18.18791052258197,1.2876188966960067,1.348705898208938,3.1297335358770835,54.3197602965798,0.4480477461671109,1.23821789882727,0.1820461389921066,102.2154990347779,375.0184444086966,136.33476192779202,46.302440863199685,104.2563767280138,51.12939374811785,46.79969490211907,33.48859818561076,57.708972679377005,137.22166567234115,10.753893106387142,4.885050805859798,39.65152160635923,1.2089817667817797,53.06240882386452,29.558944496512265,59.75961927294438,65.65983744821737,65.14261206197779,35.787933369509155,34.21161567296949,67.47242030780833,36.27280786783532,9.773073335172077,35.19954692858208,36.47938664356312,36.47938664356312,27.360563037598585,21.470911766017885,18.192926994162683
2078.0,8.544498793923054e-05,30.36475127374933,82.6453093645007,3.771505905170605,21.458273586850584,4.809735923958755,55.02984552346236,4.806655435629052,40.7470655655796,41.12332728690362,0.8208453254662358,0.0674716721846222,114.39487917032235,43.02418581649327,123.7209204097042,17.871094336318187,1.7476550175597998,1.8468347855221308,3.020972747474292,51.34697569387931,0.4745977234704642,1.390807869068985,0.2497199835282674,100.81162175838116,369.8677590693247,134.501928142307,46.302960021784216,107.7682256824517,50.73287365636537,47.10352343006088,35.213936219611675,57.49335801757948,134.86397804563808,11.384887632375538,5.463443169923205,39.638888251409526,1.2572132560377145,53.40279153273546,29.71460686750166,59.40358497899307,65.58045521876345,65.0297481161305,35.60986433082835,33.96512768887479,67.36927285032652,36.08166742529892,9.391356014724618,33.815628364824825,34.89703633474006,34.89703633474006,26.550912383667047,21.186209425222195,18.26201337202375
2079.0,4.9868627279647385e-05,28.26471596632317,79.88317022223293,3.724591151530429,22.07932841883853,4.618423212591391,55.266507345959255,4.824990443397025,40.5725862193919,41.385804473593005,0.924959502485658,0.0898044646777321,109.97399019273568,42.68732191557459,126.00872866603147,17.626515985049444,2.314236520367887,2.4560671475978264,2.925017466900286,48.48745666963645,0.4970100419732945,1.5551688253524052,0.3323769670761237,99.78098020879887,366.0864382880621,132.63359231560645,46.297719042470135,110.79379209416923,50.35133331588158,47.374700475093405,36.92769455232019,57.20772195243316,132.53442964460731,12.172963687444112,6.081358432001921,39.6047999548927,1.2961587524362277,53.746348006701446,29.94205612624984,59.02691120602853,65.46240511090133,64.87087410699894,35.43465918263136,33.73182319189809,67.22923844552601,35.89305753032328,9.05006376540569,32.472840424438616,33.35462567570297,33.35462567570297,25.731339067537995,20.902970872831503,18.32730141145985
2080.0,2.6020737167179527e-05,26.24454396281057,77.12694682198345,3.706653891745156,22.52832862077457,4.477754001353702,55.427094148004215,4.8434088975046325,40.262715484849465,41.65876665210829,1.0622975452797196,0.116590321535027,105.35177078084288,42.2681825559237,127.52763315383685,17.452854720317212,2.997315384610238,3.1873910620659545,2.847073375697548,45.793619000811766,0.514522501370243,1.7317120818147966,0.4315154035368454,99.21561616837685,364.0121741601578,130.7399316625919,46.29529945672876,113.25969925322237,49.99289748219272,47.624124069395336,38.61293304416936,56.87400418580001,130.2418282199878,13.13978184475259,6.739668928562227,39.56664041494423,1.3243760574562835,54.09892580945818,30.2581004775026,58.63685442063878,65.30743089486803,64.66722632645956,35.25723811997763,33.50774659857858,67.0540994177058,35.70148879899514,8.747633861744673,31.186390320065662,31.87050043870536,31.87050043870536,24.92093133962652,20.63031982777356,18.394284123449392
2081.0,1.1555623492403837e-05,24.331322255312525,74.41550443497836,3.7075220284830728,22.782798048287628,4.399421678963794,55.522281950301135,4.861936425559987,39.801826104278426,41.9486004471346,1.2355818802336875,0.1482340667896149,100.5571171619762,41.76322693137514,128.09926680582424,17.34878979366297,3.806843589776829,4.05179460655645,2.7923461554085574,43.31787846436577,0.5263729013559503,1.9208489525934247,0.5486336068116034,99.20757141946098,363.9826587808604,128.83112339816478,46.30428279603135,115.09257044966688,49.66569091082496,47.86269224514528,40.25271155559223,56.51414441954198,127.99498152251836,14.30700267746069,7.439246996070402,39.5417933296996,1.3404229725768442,54.46637250470134,30.679548126005777,58.24067108941175,65.11727634090055,64.42004106638878,35.07252133792659,33.28894232545545,66.8456380911649,35.501471847401206,8.48250357827093,29.97148526434816,30.4630063960007,30.4630063960007,24.13877745034768,20.37738000897609,18.468454518970784
2082.0,4.127592145897448e-06,22.552137835930047,71.78770833244387,3.717023464412464,22.820260557006623,4.395119634139771,55.562746773553904,4.880598655171207,39.17429082000493,42.26169248335706,1.4475349337328225,0.1851405244746032,95.61892556346818,41.168914235763445,127.54526255469784,17.313000456628195,4.752773115357613,5.060265858699221,2.766041487575797,41.11265083725903,0.5317990416250564,2.122990751825552,0.6852298908015652,99.84888774439712,366.3355842454186,126.91734473722664,46.333250591849215,116.21902897355862,49.377838357304576,48.10130303452191,41.83008994702178,56.15008235552102,125.80269730293791,15.696286758728103,8.180964970992706,39.54764239729427,1.3428572992768744,54.854535656126615,31.22320727650516,57.84561767893544,64.89368521923585,64.13055461866301,34.87542903153769,33.07145478906789,66.60563679020234,35.2875172916282,8.253110189513837,28.84333246992832,29.15048931984252,29.15048931984252,23.40396565011661,20.15327513536683,18.555305609002428
2083.0,1.3909490182371748e-06,20.934077696764124,69.28242378560607,3.724986102201618,22.61824000256048,4.476541255599738,55.55916463846642,4.899421213946408,38.36448237435516,42.60442938546084,1.7008791321623915,0.2277145186231,90.5660922126511,40.48170366292318,125.68725333316176,17.34416596075437,5.845055940842573,6.223792896124215,2.7733650537417485,39.23035189645208,0.5300387218722026,2.338548793648444,0.8428025694079028,101.2316069255311,371.408642649081,125.008772894679,46.39078437565365,116.56569811495352,49.137464577157786,48.35085446970383,43.3281280788911,55.80375769559913,123.67378331198532,17.32929466171457,8.965695189795433,39.60157131586372,1.3302368390353372,55.269262827429706,31.905886133746563,57.45895065579784,64.63840130011097,63.80000327515875,34.66088139587039,32.8513284059551,66.33587783911712,35.05413574776284,8.057890970002767,27.81713914944835,27.95129498248431,27.95129498248431,22.735584189348376,19.96712892587352,18.66033040452274
2084.0,1e-06,19.504228829915785,66.93851606569116,3.721237844518823,22.154260240578107,4.655379932061798,55.5222115657426,4.918429729493707,37.35677350965526,42.98319777813106,1.998336901907655,0.2763608732682124,85.42751333685746,39.69805440668889,122.34687207392015,17.440965557582977,7.093644045721657,7.553363796461333,2.8195225354488938,37.72339741890547,0.5203297417920292,2.567934392199364,1.022849956531783,103.44777074520879,379.5395260870965,123.11558508542338,46.48546567891594,116.0592011639074,48.95269432591082,48.622244582869726,44.72988581163318,55.49711014163828,121.61704730039948,19.22768695957977,9.794309988944836,39.72096378354345,1.3011193933311964,55.71640158230628,32.7443929024758,57.08792648658694,64.35316835376288,63.42962332775242,34.42379862598413,32.62460759265626,66.03814356220828,34.79583783189187,7.895283194267096,26.908112515550485,26.8837691561796,26.8837691561796,22.15272131845808,19.828065099423885,18.78902191651011
2085.0,0.0007341203005217,18.281719149100283,64.7792351897129,3.6975575289787455,21.417322925156977,4.9365554888747845,55.4556506157635,4.9376422404084686,36.1441600143126,43.39950943329003,2.34405733934224,0.3309446470655717,80.23954352639365,38.8161811741968,117.42295709667552,17.60786494116111,8.505619670941677,9.056337645815674,2.9065244751051846,36.62221379904821,0.5061011991756261,2.8111827284651967,1.2288834393503536,106.52652064567923,390.8351515969325,121.24459519994618,46.623260798176496,114.64881945320614,48.82910233490557,48.92069067312768,46.02136690463608,55.24695006852686,119.63783383670312,21.40048090270092,10.665198269697765,39.919131039395566,1.2606367679745965,56.197811822617645,33.74072959822503,56.730217990303416,64.03329080404312,63.014405780218034,34.15951832735742,32.39012671949662,65.70926087888425,34.507670791567406,7.765237013690301,26.12650560392547,25.960600722970725,25.960600722970725,21.66922822974589,19.742155010165416,18.94470503196065
2086.0,0.0058659624041743,17.25384025448997,62.765370157835456,3.6535277329815936,20.44234090426865,5.297893497910436,55.33559300761889,4.957046429235049,34.75412986105944,43.83537671180863,2.747896220793215,0.3891718371609008,75.06837082346249,37.84132072578987,111.12316826912397,17.872475575558358,10.076586103276776,10.725557564192968,3.0236008585804584,35.869269901183166,0.507547384199882,3.0668244508313065,1.47246669814467,110.24539670880436,404.47933598493233,119.38916383107347,46.799675090252144,112.3744664865556,48.762063238746535,49.22868710730361,47.20035071310777,55.04957054325894,117.72763476055394,23.80612045032512,11.566815192473298,40.19309448618879,1.2402167861004052,56.69940280288741,34.83767347967174,56.34516339559878,63.6483156892612,62.52436048391972,33.865047747144864,32.15787997194562,65.32623508899124,34.186828400203225,7.673754087072298,25.462754742458213,25.171851004055487,25.171851004055487,21.278007883052325,19.70326055312455,19.12203214194126
2087.0,0.0197952481140883,16.39992466787151,60.84209471601078,3.59068196887396,19.27570482435329,5.710445967671213,55.13123700007581,4.976622389505063,33.22279406870932,44.267937121795,3.221135992576003,0.448208675322445,69.98764163324117,36.78046533511282,103.7323708459603,18.268195367349936,11.799276890957897,12.550237680074073,3.1567865326100226,35.38504520708174,0.5490538851381349,3.3330140745326764,1.767176486471759,114.31903867634928,419.42512099965785,117.53928824721665,47.00759867702891,109.29871381039176,48.74440164785397,49.52304751915292,48.26756049121126,54.89613530585511,115.87447872939386,26.39040623891695,12.485132482481076,40.53580306761855,1.2778612751746736,57.20309611580486,35.963195616279805,55.88251728353736,63.16135070134129,61.92325200211926,33.537811542920224,31.94065148925878,64.86111608748497,33.83104106267862,7.628348950067114,24.90234208208225,24.50192443042061,24.50192443042061,20.966726180102985,19.702191258547497,19.31348751353655
2088.0,0.0469206992333948,15.69930491103152,58.95458261019067,3.510553749002434,17.96380533185099,6.145264906659594,54.81178085190121,4.996350214750118,31.58626365607572,44.6743281713572,3.7750591010060406,0.5052213933184512,65.07100236090659,35.6406072758103,95.53543008187906,18.82842222311105,13.66642558221603,14.519592121939889,3.2921163439291874,35.09001919851529,0.6550062902637238,3.607906114804292,2.126589557888656,118.46208629007916,434.62554838967134,115.6849657167866,47.23992168039275,105.48413297115054,48.76894217264806,49.780585542431,49.22371949310957,54.77780809633591,114.06639440066444,29.09913890494103,13.40612186493075,40.94020572738023,1.4115720626634525,57.690813354059244,37.0452670775131,55.29203423518335,62.53550353220744,61.17484489807841,33.175234372257194,31.75122541069159,64.28595376932104,33.43803918387277,7.636536138328772,24.43074977373104,23.93522543305273,23.93522543305273,20.72304902262347,19.72975665668044,19.511555413831125
2089.0,0.091641037565224,15.131313505756635,57.048007586327024,3.414676585713606,16.553033073201888,6.573402323378029,54.346422821862056,5.016209998501817,29.88064964197216,45.031687368603286,4.420947992398743,0.5573762229171639,60.392099411635805,34.42873882152699,86.81721123157492,19.586554049416915,15.670765725282122,16.622835018271275,3.4156251392732577,34.904671357255175,0.8497901878499847,3.889655086881133,2.564282665952385,122.38917929175902,449.03365990353467,113.81619350819454,47.48953422222963,100.99329551526785,48.82850942354898,49.9781148108932,50.06955097296567,54.685752654721846,112.29141043180736,31.8781190848619,14.31575506503195,41.39925140916918,1.6793509760327885,58.14447611033978,38.01185893283544,54.52346883160102,61.73388187378372,60.24290373505887,32.77474089272946,31.60238587549956,63.57279802945516,33.00555316866491,7.705830187511295,24.03345996833809,23.45615844293853,23.45615844293853,20.53464231233937,19.776766277769568,19.708720109909567
2090.0,0.1583549849127069,14.675282973833498,55.06754339037168,3.304583991354068,15.08977869484611,6.965910226328993,53.70436116872535,5.036181834291772,28.14206304521213,45.317152221641386,5.170085113069545,0.6018393958868299,56.02457919060582,33.15185224590757,77.86257954974252,20.57598875284272,17.805030868387142,18.84918049754912,3.513347765377543,34.749481165072766,1.1577911661702558,4.176415505998184,3.093832564219979,125.81495742315403,461.6024972898098,111.92296888985156,47.749326424425526,95.88877298917956,48.91592801097695,50.09244895829493,50.80577818494258,54.61113272103348,110.53755548026436,34.67314741514417,15.200003807994326,41.90588905668082,2.119199842748732,58.54600597733573,38.79094225171069,53.52657565385464,60.71959341799426,59.0911930763224,32.33375576191075,31.506917022938183,62.69369876284295,32.53131342193426,7.843745633268708,23.69595481683686,23.049127891064696,23.049127891064696,20.38917195097628,19.834029652061083,19.897465868856504
2091.0,0.2514612630789751,14.310545837048732,52.958363768276456,3.181809478270408,13.62043284322375,7.29384062401495,52.854794151258034,5.056245815651591,26.40661488460911,45.50786023857953,6.033752909333879,0.6357771439956951,52.04208810299357,31.81693982259669,68.95640029107638,21.830124239963705,20.06195455976209,21.18784268825432,3.571319068977352,34.54492810373942,1.6033948134978802,4.466341887390433,3.7288160062484734,128.4540604260293,471.2851022970589,109.99528913016876,48.01218840886643,90.23313693932155,49.02402254535216,50.100401618391565,51.43312438320329,54.545112035291325,108.79285820347704,37.43002453225246,16.04483981902753,42.45306761361054,2.769120490277339,58.87732454773632,39.3104881036027,52.2511092830084,59.455745856763095,57.68347748513071,31.84970363737476,31.477602992262963,61.62070586444008,32.01305034856004,8.057797011255037,23.403716470160848,22.69853820841788,22.69853820841788,20.2743038402598,19.892356309801173,20.07027695775652
2092.0,0.3753585938671575,14.01643461718898,50.66564246599329,3.04788655880922,12.191386164774972,7.528245524938366,51.76692002822713,5.076382036112885,24.71041617897665,45.58094892752585,7.023233827507159,0.6563556990120046,48.51827255397619,30.430993825239067,60.38353871027133,23.382358417355046,22.43427034763788,23.628035718867707,3.575573896807992,34.21149165502653,2.210986718106187,4.757588746292857,4.482809745594892,130.02112804214994,477.0345166738438,108.02315149755734,48.27101029743831,84.08895891212993,49.145617637094816,49.978786424938505,51.952312821910816,54.47885433751596,107.0453472588872,40.09455107265129,16.836234823341186,43.03373602365373,3.667114746084648,59.12035341423082,39.49846755797534,50.64682430012663,57.90544688201439,55.98352152474558,31.32000917669521,31.527227922729416,60.32586922920225,31.4484943534215,8.355498857124303,23.14222707924356,22.388793825984777,22.388793825984777,20.177703881915544,19.94255578123603,20.219637643694224
2093.0,0.5344456990803873,13.77228183604088,48.134553229473966,2.904348745317092,10.84902930593987,7.640176937601708,50.40993705839959,5.096570589207258,23.089577947128223,45.5135557965884,8.149810313904831,0.6607412927040051,45.5267789487306,29.001006527479337,52.42886006202183,25.26608919159199,24.91471178024552,26.15897371787022,3.51214709560477,33.66965130070543,3.0049524682685265,5.048310597940447,5.369390535816272,130.23080001328108,477.803782168727,105.9965532604283,48.51868221202714,77.51881045404042,49.27353789662512,49.70441701169111,52.36406675522812,54.40352336772789,105.28305130393645,42.61252767280533,17.56016054614496,43.64084323050577,4.851184437636725,59.25701416950847,39.28285168429246,48.66347528627352,56.031804185672165,53.95508975842872,30.74209703744578,31.66857595359304,58.78123875208509,30.83537584139784,8.744365706530537,22.89696879501846,22.104299174752057,22.104299174752057,20.08703797766909,19.97543759661185,20.338032193754227
2094.0,0.7331213005217925,13.55742001539106,45.310269804670405,2.7527295501406184,9.63975291315859,7.600686870507438,48.75304350054242,5.116791568466322,21.580211207877348,45.28281835387527,9.424764814842304,0.646100156839942,43.14125369243386,27.533970202962205,45.37722960102268,27.51471446924971,27.496012405815947,28.76987081374269,3.367073512102997,32.83988652254752,4.009677652258222,5.33666195756818,6.402135130469634,128.79771608118784,472.5459405302701,103.90549168719288,48.748094274518905,70.58526311148906,49.40060793436328,49.25410701240479,52.66910943731824,54.31028286594768,103.49399899606652,44.9297549691791,18.20258871264848,44.26733817786207,6.359331392399598,59.269228406258506,38.59161155201791,46.25081682251339,53.79792545966056,51.5619467494419,30.113391877200208,31.914431224109343,56.958864328044285,30.171425217368284,9.231912095127754,22.65342376841905,21.829458685706392,21.829458685706392,19.98997202924605,19.981811286174832,20.41794487502112
2095.0,0.9757841199945052,13.351181677026164,42.13796593753444,2.594562485626388,8.609947632871247,7.380827332158026,46.76543761342258,5.137025067421684,20.218426980037524,44.86587410749455,10.859379776635013,0.6095985231880615,41.43534319026297,26.03687712533234,39.51351258196842,30.16163215690343,30.17090577258014,31.44994113496601,3.126387993037979,31.642676802324143,5.249547858348617,5.620797340411043,7.594620283112013,125.43651598763539,460.2140335070354,101.73996404626214,48.95213660679957,63.35088843091174,49.51965236072948,48.60467006083492,52.86816412234416,54.19029657219586,101.66621899271908,46.992033598237214,18.749491048061383,44.90616980941799,8.229557437839327,59.1389177171702,37.35271823061555,43.35860348991046,51.16691839590366,48.76785706104684,29.431318353532184,32.277577873533815,54.83079585203549,29.45437288621208,9.825652558569985,22.397074150378813,21.54867678983445,21.54867678983445,19.874171938372022,19.952486380171155,20.451859954579515
2096.0,1.266832879301658,13.132899342732811,38.56281537401788,2.4313810641209885,7.806004111517952,6.95165033105593,44.41631765580702,5.157251179604951,19.04033628242223,44.23986056555428,12.464937645598395,0.5484026235166087,40.48269384739493,24.51671956823439,35.12257425955366,33.24024016112838,32.93212542876908,34.18839881002109,2.7761253851450207,29.99850162180665,6.748948674813063,5.89887126170402,8.960422747300449,119.86183947438867,439.7611028475846,99.48996760604716,49.12369933075512,55.878257958744285,49.62349578614392,47.73291979073686,52.961954064468856,54.03472822649296,99.78773995133572,48.74516419644426,19.18683927759333,45.55028706886893,10.49986440142198,58.84800369493276,35.49414278954921,39.93658986952892,48.10189068632549,45.53658525650525,28.6933011240154,32.770800041121966,52.36908321901434,28.681949252808423,10.533101632511254,22.113402091831222,21.24635791812291,21.24635791812291,19.72730360677259,19.878272408847018,20.432261699514005
2097.0,1.6106663002463777,12.881905534297651,34.52999186007268,2.264718797971016,7.274312995538847,6.284207875703628,41.67488188646278,5.177449998547735,18.08205013384501,43.381915236162605,14.252720868047858,0.4596786895938307,40.35695206900675,22.98048980531307,32.48927988847312,36.78393638849973,35.77240492261372,36.974457967388766,2.30232053515944,27.82784046276646,8.532265689924873,6.169038236682092,10.513119276591953,111.78832628321302,410.1401903004803,97.14549963495917,49.25567256827152,48.22994324142275,49.70496282102681,46.61566983586604,52.95120251785538,53.83474156885953,97.84659052935832,50.13494740026484,19.50060512645395,46.19263889991029,13.208254110613572,58.37840793223546,32.94385629828279,35.93453054243314,44.565950022850245,41.83189589907893,27.896764846223583,33.406881866129304,49.54577632393655,27.85188472203656,11.36177385260558,21.7878897437098,20.90690650155846,20.90690650155846,19.537032936173368,19.749978902448625,20.3516343769092
2098.0,2.0116831046318007,12.577532773507317,29.984669141650603,2.096109199523058,7.061264931374046,5.349551974603573,38.51032856415678,5.197601617781642,17.379679553119335,42.26917562742757,16.234011890298863,0.3405929531879718,41.13176426027546,21.435180110213025,31.898494723421376,40.826118745592765,38.68447780234504,39.79733273554997,1.691008289816532,25.05117280697489,10.62388449195742,6.429452780580249,12.266286624543584,100.9306161558734,370.3043376142839,94.6965574014092,49.34094644123478,40.46851582538295,49.75687807579837,45.22973382997782,52.83663273666669,53.58150033931612,95.8307993842284,51.10718384616354,19.676760319852903,46.82617424623748,16.392728392880205,57.71205202176755,29.629829826280087,31.30218008968727,40.522204097401925,37.61755355202955,27.03913417773044,34.19860748781134,46.33292506175775,26.96190969877572,12.319183754507003,21.406019256948007,20.51472697112776,20.51472697112776,19.291025828299947,19.558415391222155,20.202462253849703
2099.0,2.4742820142610498,12.199113582148438,24.872020964703587,1.9270857811237063,7.213250565463673,4.118734636258244,34.891855947656055,5.217686130838281,16.96933555905872,40.87877924745728,18.420093158666788,0.1883116460672799,42.880776826378046,19.88778275657896,33.63508401909308,45.40018513898258,41.66107761619397,42.64623724298551,0.9282234958516176,21.588978136203348,13.048190669183995,6.678269408633464,14.233501544712334,87.00334883413504,319.206586537558,92.1331381738084,49.37241107153082,32.65654725706091,49.77206616087874,43.55192540682758,52.6189679750658,53.26616827788323,93.72839517338774,51.60767417060491,19.70127658299981,47.44384205154584,20.09128907568785,56.83085755621825,25.480034443005017,25.989293092355645,35.93376060190468,32.85732277861892,26.11783377610968,35.158761045423546,42.70257932743362,26.009754587905096,13.412845873869522,20.95327278247933,20.05422375781749,20.05422375781749,18.976948184877923,19.294391405413805,19.97722959742012
2100.0,3.00286175093726,11.725980482007657,19.13722107518346,1.7591820551195527,7.776660544247852,2.562807869170104,30.78866229572757,5.23768363124926,16.88712917047667,39.18786360435979,20.822247119467093,1e-06,45.677636172491525,18.34529001805552,37.983913030182855,50.53953347524445,44.6949379123915,45.5103856181763,1e-06,17.361735932223187,15.829569809877963,6.913642636076729,16.428340790655255,69.72116405976305,255.79997881886462,89.44523922056788,49.34295658104566,24.85660908289248,49.743351686688186,41.55905820017072,52.2989314872157,52.879909124581445,91.527406554278,51.58221901005359,19.56012564110433,48.03859125953079,24.341937986502607,55.71674612827683,20.422441217921413,19.945624131502488,30.76372722828259,27.51496814210876,25.130288298934985,36.300126678221446,38.62678901591982,24.993149794303942,14.650274746347176,20.415132471237275,19.50980129261432,19.50980129261432,18.5824659076329,18.948716475269773,19.66842067470504
